PK,Token Id,Ready,DevReady,Reupload,NAME_CID,IconSrc,ThumbnailSrc,IS_SOULBOUND_CID,RARITY_CID,Type,EquipmentType,SpriteSheetSrc,FACTION_CID,CARD_CID_array,IS_WEEKLY_CID,SIZE_CID,VFX,LOOT_TABLE_CID,LEVEL_CID,START_TIMESTAMP_CID,END_TIMESTAMP_CID,DESCRIPTION_CID,GUIDE_CID,IMG_URL_CID,ICON_URL_CID,SPRITE_SHEET_URL_CID,Last Modified By,Last Modified Time,AI Generated Icon
,,,,,,,,,,,,,,,,,,,,,,,,,,,,,
,,,,,,,,,,,,,,,,,,,,,,,,,,,,,
,,,,,,,,,,,,,,,,,,,,,,,,,,,,,
,,,,,,,,,,,,,,,,,,,,,,,,,,,,,
,,,,,,,,,,,,,,,,,,,,,,,,,,,,,
,,,,,,,,,,,,,,,,,,,,,,,,,,,,,
,,,,,,,,,,,,,,,,,,,,,,,,,,,,,
,,,,,,,,,,,,,,,,,,,,,,,,,,,,,
,,,,,,,,,,,,,,,,,,,,,,,,,,,,,
,,,,,,,,,,,,,,,,,,,,,,,,,,,,,
,,,,,,,,,,,,,,,,,,,,,,,,,,,,,
,,,,,,,,,,,,,,,,,,,,,,,,,,,,,
,,,,,,,,,,,,,,,,,,,,,,,,,,,,,
,,,,,,,,,,,,,,,,,,,,,,,,,,,,,
,,,,,,,,,,,,,,,,,,,,,,,,,,,,,
,,,,,,,,,,,,,,,,,,,,,,,,,,,,,
,,,,,,,,,,,,,,,,,,,,,,,,,,,,,
,,,,,,,,,,,,,,,,,,,,,,,,,,,,,
,,,,,,,,,,,,,,,,,,,,,,,,,,,,,
,,,,,,,,,,,,,,,,,,,,,,,,,,,,,
,,,,,,,,,,,,,,,,,,,,,,,,,,,,,
,,,,,,,,,,,,,,,,,,,,,,,,,,,,,
,,,,,,,,,,,,,,,,,,,,,,,,,,,,,
,,,,,,,,,,,,,,,,,,,,,,,,,,,,,
,,,,,,,,,,,,,,,,,,,,,,,,,,,,,
,,,,,,,,,,,,,,,,,,,,,,,,,,,,,
,,,,,,,,,,,,,,,,,,,,,,,,,,,,,
,,,,,,,,,,,,,,,,,,,,,,,,,,,,,
,,,,,,,,,,,,,,,,,,,,,,,,,,,,,
,,,,,,,,,,,,,,,,,,,,,,,,,,,,,
,,,,,,,,,,,,,,,,,,,,,,,,,,,,,
,,,,,,,,,,,,,,,,,,,,,,,,,,,,,
,,,,,,,,,,,,,,,,,,,,,,,,,,,,,
,,,,,,,,,,,,,,,,,,,,,,,,,,,,,
,,,,,,,,,,,,,,,,,,,,,,,,,,,,,
,,,,,,,,,,,,,,,,,,,,,,,,,,,,,
,,,,,,,,,,,,,,,,,,,,,,,,,,,,,
,,,,,,,,,,,,,,,,,,,,,,,,,,,,,
,,,,,,,,,,,,,,,,,,,,,,,,,,,,,
,,,,,,,,,,,,,,,,,,,,,,,,,,,,,
,,,,,,,,,,,,,,,,,,,,,,,,,,,,,
,,,,,,,,,,,,,,,,,,,,,,,,,,,,,
,,,,,,,,,,,,,,,,,,,,,,,,,,,,,
,,,,,,,,,,,,,,,,,,,,,,,,,,,,,
,,,,,,,,,,,,,,,,,,,,,,,,,,,,,
,,,,,,,,,,,,,,,,,,,,,,,,,,,,,
,,,,,,,,,,,,,,,,,,,,,,,,,,,,,
,,,,,,,,,,,,,,,,,,,,,,,,,,,,,
,,,,,,,,,,,,,,,,,,,,,,,,,,,,,
,,,,,,,,,,,,,,,,,,,,,,,,,,,,,
,,,,,,,,,,,,,,,,,,,,,,,,,,,,,
,,,,,,,,,,,,,,,,,,,,,,,,,,,,,
,,,,,,,,,,,,,,,,,,,,,,,,,,,,,
,,,,,,,,,,,,,,,,,,,,,,,,,,,,,
,,,,,,,,,,,,,,,,,,,,,,,,,,,,,
,,,,,,,,,,,,,,,,,,,,,,,,,,,,,
,,,,,,,,,,,,,,,,,,,,,,,,,,,,,
,,,,,,,,,,,,,,,,,,,,,,,,,,,,,
,,,,,,,,,,,,,,,,,,,,,,,,,,,,,
,,,,,,,,,,,,,,,,,,,,,,,,,,,,,
,,,,,,,,,,,,,,,,,,,,,,,,,,,,,
,,,,,,,,,,,,,,,,,,,,,,,,,,,,,
,,,,,,,,,,,,,,,,,,,,,,,,,,,,,
,,,,,,,,,,,,,,,,,,,,,,,,,,,,,
,,,,,,,,,,,,,,,,,,,,,,,,,,,,,
,,,,,,,,,,,,,,,,,,,,,,,,,,,,,
,,,,,,,,,,,,,,,,,,,,,,,,,,,,,
,,,,,,,,,,,,,,,,,,,,,,,,,,,,,
,,,,,,,,,,,,,,,,,,,,,,,,,,,,,
,,,,,,,,,,,,,,,,,,,,,,,,,,,,,
,,,,,,,,,,,,,,,,,,,,,,,,,,,,,
,,,,,,,,,,,,,,,,,,,,,,,,,,,,,
,,,,,,,,,,,,,,,,,,,,,,,,,,,,,
,,,,,,,,,,,,,,,,,,,,,,,,,,,,,
,,,,,,,,,,,,,,,,,,,,,,,,,,,,,
,,,,,,,,,,,,,,,,,,,,,,,,,,,,,
,,,,,,,,,,,,,,,,,,,,,,,,,,,,,
,,,,,,,,,,,,,,,,,,,,,,,,,,,,,
,,,,,,,,,,,,,,,,,,,,,,,,,,,,,
,,,,,,,,,,,,,,,,,,,,,,,,,,,,,
,,,,,,,,,,,,,,,,,,,,,,,,,,,,,
,,,,,,,,,,,,,,,,,,,,,,,,,,,,,
,,,,,,,,,,,,,,,,,,,,,,,,,,,,,
,,,,,,,,,,,,,,,,,,,,,,,,,,,,,
,,,,,,,,,,,,,,,,,,,,,,,,,,,,,
,,,,,,,,,,,,,,,,,,,,,,,,,,,,,
,,,,,,,,,,,,,,,,,,,,,,,,,,,,,
,,,,,,,,,,,,,,,,,,,,,,,,,,,,,
,,,,,,,,,,,,,,,,,,,,,,,,,,,,,
,,,,,,,,,,,,,,,,,,,,,,,,,,,,,
,,,,,,,,,,,,,,,,,,,,,,,,,,,,,
,,,,,,,,,,,,,,,,,,,,,,,,,,,,,
,,,,,,,,,,,,,,,,,,,,,,,,,,,,,
,,,,,,,,,,,,,,,,,,,,,,,,,,,,,
,,,,,,,,,,,,,,,,,,,,,,,,,,,,,
,,,,,,,,,,,,,,,,,,,,,,,,,,,,,
,,,,,,,,,,,,,,,,,,,,,,,,,,,,,
,,,,,,,,,,,,,,,,,,,,,,,,,,,,,
,,,,,,,,,,,,,,,,,,,,,,,,,,,,,
,,,,,,,,,,,,,,,,,,,,,,,,,,,,,
,,,,,,,,,,,,,,,,,,,,,,,,,,,,,
,,,,,,,,,,,,,,,,,,,,,,,,,,,,,
,,,,,,,,,,,,,,,,,,,,,,,,,,,,,
,,,,,,,,,,,,,,,,,,,,,,,,,,,,,
,,,,,,,,,,,,,,,,,,,,,,,,,,,,,
,,,,,,,,,,,,,,,,,,,,,,,,,,,,,
,,,,,,,,,,,,,,,,,,,,,,,,,,,,,
,,,,,,,,,,,,,,,,,,,,,,,,,,,,,
,,,,,,,,,,,,,,,,,,,,,,,,,,,,,
,,,,,,,,,,,,,,,,,,,,,,,,,,,,,
,,,,,,,,,,,,,,,,,,,,,,,,,,,,,
,,,,,,,,,,,,,,,,,,,,,,,,,,,,,
,,,,,,,,,,,,,,,,,,,,,,,,,,,,,
,,,,,,,,,,,,,,,,,,,,,,,,,,,,,
,,,,,,,,,,,,,,,,,,,,,,,,,,,,,
,,,,,,,,,,,,,,,,,,,,,,,,,,,,,
,,,,,,,,,,,,,,,,,,,,,,,,,,,,,
,,,,,,,,,,,,,,,,,,,,,,,,,,,,,
,,,,,,,,,,,,,,,,,,,,,,,,,,,,,
,,,,,,,,,,,,,,,,,,,,,,,,,,,,,
,,,,,,,,,,,,,,,,,,,,,,,,,,,,,
,,,,,,,,,,,,,,,,,,,,,,,,,,,,,
,,,,,,,,,,,,,,,,,,,,,,,,,,,,,
,,,,,,,,,,,,,,,,,,,,,,,,,,,,,
,,,,,,,,,,,,,,,,,,,,,,,,,,,,,
,,,,,,,,,,,,,,,,,,,,,,,,,,,,,
,,,,,,,,,,,,,,,,,,,,,,,,,,,,,
,,,,,,,,,,,,,,,,,,,,,,,,,,,,,
,,,,,,,,,,,,,,,,,,,,,,,,,,,,,
,,,,,,,,,,,,,,,,,,,,,,,,,,,,,
,,,,,,,,,,,,,,,,,,,,,,,,,,,,,
,,,,,,,,,,,,,,,,,,,,,,,,,,,,,
,,,,,,,,,,,,,,,,,,,,,,,,,,,,,
,,,,,,,,,,,,,,,,,,,,,,,,,,,,,
,,,,,,,,,,,,,,,,,,,,,,,,,,,,,
,,,,,,,,,,,,,,,,,,,,,,,,,,,,,
,,,,,,,,,,,,,,,,,,,,,,,,,,,,,
,,,,,,,,,,,,,,,,,,,,,,,,,,,,,
,,,,,,,,,,,,,,,,,,,,,,,,,,,,,
,,,,,,,,,,,,,,,,,,,,,,,,,,,,,
,,,,,,,,,,,,,,,,,,,,,,,,,,,,,
,,,,,,,,,,,,,,,,,,,,,,,,,,,,,
,,,,,,,,,,,,,,,,,,,,,,,,,,,,,
,,,,,,,,,,,,,,,,,,,,,,,,,,,,,
,,,,,,,,,,,,,,,,,,,,,,,,,,,,,
,,,,,,,,,,,,,,,,,,,,,,,,,,,,,
,,,,,,,,,,,,,,,,,,,,,,,,,,,,,
,,,,,,,,,,,,,,,,,,,,,,,,,,,,,
,,,,,,,,,,,,,,,,,,,,,,,,,,,,,
,,,,,,,,,,,,,,,,,,,,,,,,,,,,,
,,,,,,,,,,,,,,,,,,,,,,,,,,,,,
,,,,,,,,,,,,,,,,,,,,,,,,,,,,,
,,,,,,,,,,,,,,,,,,,,,,,,,,,,,
,,,,,,,,,,,,,,,,,,,,,,,,,,,,,
,,,,,,,,,,,,,,,,,,,,,,,,,,,,,
,,,,,,,,,,,,,,,,,,,,,,,,,,,,,
,,,,,,,,,,,,,,,,,,,,,,,,,,,,,
,,,,,,,,,,,,,,,,,,,,,,,,,,,,,
,,,,,,,,,,,,,,,,,,,,,,,,,,,,,
,,,,,,,,,,,,,,,,,,,,,,,,,,,,,
,,,,,,,,,,,,,,,,,,,,,,,,,,,,,
,,,,,,,,,,,,,,,,,,,,,,,,,,,,,
,,,,,,,,,,,,,,,,,,,,,,,,,,,,,
,,,,,,,,,,,,,,,,,,,,,,,,,,,,,
,,,,,,,,,,,,,,,,,,,,,,,,,,,,,
,,,,,,,,,,,,,,,,,,,,,,,,,,,,,
,,,,,,,,,,,,,,,,,,,,,,,,,,,,,
,,,,,,,,,,,,,,,,,,,,,,,,,,,,,
,,,,,,,,,,,,,,,,,,,,,,,,,,,,,
,,,,,,,,,,,,,,,,,,,,,,,,,,,,,
,,,,,,,,,,,,,,,,,,,,,,,,,,,,,
,,,,,,,,,,,,,,,,,,,,,,,,,,,,,
,,,,,,,,,,,,,,,,,,,,,,,,,,,,,
,,,,,,,,,,,,,,,,,,,,,,,,,,,,,
,,,,,,,,,,,,,,,,,,,,,,,,,,,,,
,,,,,,,,,,,,,,,,,,,,,,,,,,,,,
,,,,,,,,,,,,,,,,,,,,,,,,,,,,,
,,,,,,,,,,,,,,,,,,,,,,,,,,,,,
,,,,,,,,,,,,,,,,,,,,,,,,,,,,,
,,,,,,,,,,,,,,,,,,,,,,,,,,,,,
,,,,,,,,,,,,,,,,,,,,,,,,,,,,,
,,,,,,,,,,,,,,,,,,,,,,,,,,,,,
,,,,,,,,,,,,,,,,,,,,,,,,,,,,,
,,,,,,,,,,,,,,,,,,,,,,,,,,,,,
,,,,,,,,,,,,,,,,,,,,,,,,,,,,,
,,,,,,,,,,,,,,,,,,,,,,,,,,,,,
,,,,,,,,,,,,,,,,,,,,,,,,,,,,,
,,,,,,,,,,,,,,,,,,,,,,,,,,,,,
,,,,,,,,,,,,,,,,,,,,,,,,,,,,,
,,,,,,,,,,,,,,,,,,,,,,,,,,,,,
,,,,,,,,,,,,,,,,,,,,,,,,,,,,,
,,,,,,,,,,,,,,,,,,,,,,,,,,,,,
,,,,,,,,,,,,,,,,,,,,,,,,,,,,,
,,,,,,,,,,,,,,,,,,,,,,,,,,,,,
,,,,,,,,,,,,,,,,,,,,,,,,,,,,,
,,,,,,,,,,,,,,,,,,,,,,,,,,,,,
,,,,,,,,,,,,,,,,,,,,,,,,,,,,,
,,,,,,,,,,,,,,,,,,,,,,,,,,,,,
,,,,,,,,,,,,,,,,,,,,,,,,,,,,,
,,,,,,,,,,,,,,,,,,,,,,,,,,,,,
,,,,,,,,,,,,,,,,,,,,,,,,,,,,,
,,,,,,,,,,,,,,,,,,,,,,,,,,,,,
,,,,,,,,,,,,,,,,,,,,,,,,,,,,,
,,,,,,,,,,,,,,,,,,,,,,,,,,,,,
,,,,,,,,,,,,,,,,,,,,,,,,,,,,,
,,,,,,,,,,,,,,,,,,,,,,,,,,,,,
,,,,,,,,,,,,,,,,,,,,,,,,,,,,,
,,,,,,,,,,,,,,,,,,,,,,,,,,,,,
,,,,,,,,,,,,,,,,,,,,,,,,,,,,,
,,,,,,,,,,,,,,,,,,,,,,,,,,,,,
,,,,,,,,,,,,,,,,,,,,,,,,,,,,,
,,,,,,,,,,,,,,,,,,,,,,,,,,,,,
,,,,,,,,,,,,,,,,,,,,,,,,,,,,,
,,,,,,,,,,,,,,,,,,,,,,,,,,,,,
,,,,,,,,,,,,,,,,,,,,,,,,,,,,,
,,,,,,,,,,,,,,,,,,,,,,,,,,,,,
,,,,,,,,,,,,,,,,,,,,,,,,,,,,,
,,,,,,,,,,,,,,,,,,,,,,,,,,,,,
,,,,,,,,,,,,,,,,,,,,,,,,,,,,,
,,,,,,,,,,,,,,,,,,,,,,,,,,,,,
,,,,,,,,,,,,,,,,,,,,,,,,,,,,,
,,,,,,,,,,,,,,,,,,,,,,,,,,,,,
,,,,,,,,,,,,,,,,,,,,,,,,,,,,,
,,,,,,,,,,,,,,,,,,,,,,,,,,,,,
,,,,,,,,,,,,,,,,,,,,,,,,,,,,,
,,,,,,,,,,,,,,,,,,,,,,,,,,,,,
,,,,,,,,,,,,,,,,,,,,,,,,,,,,,
,,,,,,,,,,,,,,,,,,,,,,,,,,,,,
,,,,,,,,,,,,,,,,,,,,,,,,,,,,,
,,,,,,,,,,,,,,,,,,,,,,,,,,,,,
,,,,,,,,,,,,,,,,,,,,,,,,,,,,,
,,,,,,,,,,,,,,,,,,,,,,,,,,,,,
,,,,,,,,,,,,,,,,,,,,,,,,,,,,,
,,,,,,,,,,,,,,,,,,,,,,,,,,,,,
,,,,,,,,,,,,,,,,,,,,,,,,,,,,,
,,,,,,,,,,,,,,,,,,,,,,,,,,,,,
,,,,,,,,,,,,,,,,,,,,,,,,,,,,,
,,,,,,,,,,,,,,,,,,,,,,,,,,,,,
,,,,,,,,,,,,,,,,,,,,,,,,,,,,,
,,,,,,,,,,,,,,,,,,,,,,,,,,,,,
,,,,,,,,,,,,,,,,,,,,,,,,,,,,,
,,,,,,,,,,,,,,,,,,,,,,,,,,,,,
,,,,,,,,,,,,,,,,,,,,,,,,,,,,,
,,,,,,,,,,,,,,,,,,,,,,,,,,,,,
,,,,,,,,,,,,,,,,,,,,,,,,,,,,,
,,,,,,,,,,,,,,,,,,,,,,,,,,,,,
,,,,,,,,,,,,,,,,,,,,,,,,,,,,,
262 - Sardine,262,checked,checked,,Sardine,Icon_1-Sardine.png (https://v5.airtableusercontent.com/v3/u/49/49/1769738400000/qRny-c3o9LFU6P5E5r9DNg/PbIHUcYecriYYOpHET5BzM2yQqlQb72EB5C7KLFpacJKBD43fd4tVOnTX0u7S-zdzXEncYtTasujobw3JCx6QmYYHuSkK5BDtrvrPAdF_X5t5iNXJynzXC1eiuFKu3mopk-0m4JVnAbDQ4Pf5mvFWmRUZ7_Yhc2lghR30XkYRLg/kdSGCGAjGHFyv96hnt_msgZIGbpVOCjGJoDcQCnMYwU),Thumbnail_1.png (https://v5.airtableusercontent.com/v3/u/49/49/1769738400000/YfMJKr9IaTdqid0qWDR1sw/4B1ze4D2wNxipUd77LtEXaDbMB2LAhOYcpnlMm5ypBLpvhO6iIqDuHN6SAMrqvBF30e-Tm7puDG7PwTnjxqUh2nxqYnViGlBJCBL-aubooZ_BQLG2KjNZ-S6tf1VbBHctUv3WoZHb-qf1rWKq5hJOPiGDcJj3lVZBwIYNXG4B_4/jXvFFfjrCqq4C3iH6K3y1SW1nL6em7rEVZck6KIL0y4),checked,Common,Fish,,,,,,XS,,,0,,,,Found in the Dungeon Pond,https://jade-decent-lizard-287.mypinata.cloud/ipfs/bafkreid75bbujw7hmddtebuwd5t4npvmryg3pdlqeqggmuygskgfkrplby,https://jade-decent-lizard-287.mypinata.cloud/ipfs/bafkreia2qqllj3wplp2sc5gjx2dqsu4afuuefdbc3gksteeqhz46ivvati,,charlie l,8/19/2025 8:43 PM,
263 - Clownfish,263,checked,checked,,Clownfish,Icon_2-Clownfish.png (https://v5.airtableusercontent.com/v3/u/49/49/1769738400000/pvPFD7CVi1WRibThuFoenw/KlHM8QvRwtWanSB1g7j04OjXzNcWNddrwGsXaEdJY5aseUfKnYx10J7bsHcFXZl-9sMr3DPiyAYejIPjOqyFPLYx22wR3bfnmdnMb4rmpKFH0tFaIbCtfIuSK4eTPbGrADzkpwL-uIJ4UghrH4Df9Vd4WLFPM6TsDqvg9iWRlPg/9C6Be1R-ygdwLpiknd7IU-VpwCMR-OFaTlnjw_btR_I),Thumbnail_2.png (https://v5.airtableusercontent.com/v3/u/49/49/1769738400000/4adzKeLdFqq5Hhk8j8I0YA/0ojqgwjy3mbrjHhERQVOiSJvZK6IEisGfJrmrn8TwdaHttb5Cg3PGSqmnHLv6EyL0Ppey6T0B01Ib2ggSP7kAJn64qUKQwmF1Aj1YYWGNdDjvKd0x8HQJcT9PH2547UV0IU--KuqLO4vhhrC42xt02IhWBIbzYVZyiZJ-BaTexI/nN586cSCQQ7FPk4NwaZc_L5OH_juFvC4aI2DgMjhxcg),checked,Uncommon,Fish,,,,,,SM,,,0,20271,,,Found in the Dungeon Pond,https://jade-decent-lizard-287.mypinata.cloud/ipfs/bafkreibp7ccb67m2ppj5jquljv4j6icrecs77mr2f65ty2beq5ql52burq,https://jade-decent-lizard-287.mypinata.cloud/ipfs/bafkreiagskpmudmsrdep3dzaqy3nd2d45vknyribtscthkwcgdnfk72xym,,charlie l,8/19/2025 8:43 PM,
264 - Trout,264,checked,checked,,Trout,Icon_3-Trout.png (https://v5.airtableusercontent.com/v3/u/49/49/1769738400000/xH38vxFBtRlNP0owP6vjdw/Syjr99vXvFXkFCp9WIGijWYXRbSSragpF_S_qp7uDmg7dQ46B8hxbt1wZBzCg0xRGNIIBNyTePTEvURXgyLUqAJ2hiu78W0z5s2Dc2Q-6mz-0N1qaTAAJrpxdAo1TdLvlzq7lwUC59rw13xE5_xA5_825qmFKedgGkaZEYWJw_U/4dNdNsj6KbfrE3UWt12PrrOlkVhVVJZixLHIku7CWnw),Thumbnail_3.png (https://v5.airtableusercontent.com/v3/u/49/49/1769738400000/w-jNhov-dIdsEoMIqfvd7A/vOutOorbb8iVvL-dV3CzEsEn2MDf_LVJ2bcooa--Cs-IG8YiPf86ADxdT2orS3gPRq5o2-_4XJsT8W-raZ53YgiZKGOQPoZH7DDR_DfX_ZArEoK5-r2EYAtk5WSn2OIbDKQIIkffxonplhZbO3kNt6ph9vXcZ2Rv_mCjbJfcYc4/V295LTQfg1v3mDaE0SI90bE1bo-Q_ZF6tzLmT1_1emQ),checked,Common,Fish,,,,,,MED,,,0,,,,Found in the Dungeon Pond,https://jade-decent-lizard-287.mypinata.cloud/ipfs/bafkreicqxdcnkgdfapues6t2vobsvmyyp2ljfre7btmwdogxp47ghwzxgu,https://jade-decent-lizard-287.mypinata.cloud/ipfs/bafkreidmlnnpup44ekbpgswghydjg6itegb3hdzdr7vd4mnuschtersniq,,charlie l,8/19/2025 8:43 PM,
265 - Pike,265,checked,checked,,Pike,Icon_4-Pike.png (https://v5.airtableusercontent.com/v3/u/49/49/1769738400000/8Y3XDYjzfACRsEga2LzcVg/PZvNid3KfoX7rh8GhiNX9bQd6q_9K77YFH_GIX5wpvKoMBDTDnTa4mUJRxJaFGNnPRfBBL5HGZjomkzeTlKag2wm1Q2cYzyDtRP1JiZj645HJEwdCvAXFNycIg3lz-loWGvD3910UpvN-Nv2QrA-6Dr99s-ueO-I6PcR5XbWJrU/3Ji-25zDE-LmCZ5OHltsb5863ilA-Vcd1vb4Q86azKU),Thumbnail_4.png (https://v5.airtableusercontent.com/v3/u/49/49/1769738400000/Ag5o1qFgvWrXjkrssGQemw/H8jbYJsY4mkuZ_GaCXEsCR3GkRDcnC3_ICDXEaI1V8mYtb_q8soZcfc2yrjZqMoXf1OgUvjETDFdr216E3mf6E7jORAqqqLOjj6JSatIKatEUJ2NvedbHW4DFKn_sBL3TasO8kE5Eml3eHo0HEKwUPtGWo1uG55ijAj9B3-Ch7o/nAdo7INnzJI60weYD5tt7M84vZBvmpIWZwAEFBxBFPw),checked,Common,Fish,,,,,,LG,,,0,,,,Found in the Dungeon Pond,https://jade-decent-lizard-287.mypinata.cloud/ipfs/bafkreiappd5rdzujqzpu75kcgofoq6bvki4ysorfnknnkbkx33vnwnwfdy,https://jade-decent-lizard-287.mypinata.cloud/ipfs/bafkreienkbrzv5epimp45pdqpf33d2nx7p7azt6ujur2jew3zwfiqga7gq,,charlie l,8/19/2025 8:43 PM,
266 - Pale Chub,266,checked,checked,,Pale Chub,Icon_5-Pale-Chub.png (https://v5.airtableusercontent.com/v3/u/49/49/1769738400000/NLWUexkveyzgi7VXay2PmA/PSbPIofTL0KT053IS38_Sr-hgqzWteadidI3z_VI1P4ojydrZrgda2CrS2IKjOAELMnYDxQW1XZHGQFr6Q-J8RahenagW2jWLTQiFMxnzUj3G3XiIqFrdFSoGAK_-q8hzISWpp1wdni8zte1DsOzMNxthpyu4gp0Qm8zD4aXjPg/eWyTGnjFHBJ4GdTUOobuTnIrlURyAasgbHA4mlNpD0s),Thumbnail_5.png (https://v5.airtableusercontent.com/v3/u/49/49/1769738400000/tFbgL2TW4XTgyFW9dDqxUw/R0LzDcM61VDGXIMacO56CTVAGNjd5BGaii7utCSZ5DOfSD0JWSf2BburnB9-A6Hh4VqyHRmE4xfFl37z2fpilfsFOioJbqwSzXRzDNgHtFbTwNwBQSCGZhFCxWaJtBnDfNKLzHOElExQFqaPix-b8_2isEkzsHdQUkjY9FPk4u4/pzWRemxQHaQjsWiOQPmayzSWGXSy-Y78Vph7_c8uQms),checked,Uncommon,Fish,,,,,,XS,,,0,20271,,,Found in the Dungeon Pond,https://jade-decent-lizard-287.mypinata.cloud/ipfs/bafkreidswyog3podlvxzqfuftvzruw6nzglpiyjjpvie255z7c4ftshooy,https://jade-decent-lizard-287.mypinata.cloud/ipfs/bafkreideqezx27ktrw3c42gtdne3m4qo643iudpomo2uzuqi3jtyv3g7ja,,charlie l,8/19/2025 8:43 PM,
267 - Crucian Carp,267,checked,checked,,Crucian Carp,Icon_6-Crucian-Carp.png (https://v5.airtableusercontent.com/v3/u/49/49/1769738400000/TWhAINuPZDK16vfsGW5U2A/qYUr4o8wTKmrW-Lf_CvBeDWYh-oW_3JE1PQZoipRlYRFTQOhyhwL2HM8e-u8kxTz1bbQ3OYd9m6qlKvgYLSINDMG91nKS6f90ssZ0ogMS5VXSj4JIkoTj4pD5v2BVj760eWipanKAVMOaHh6tORi-bpQplpDjo47DP5I468lFZ0/5YBwZJSvBHhpTCSNLXbzt7lSc9g_htQaMo-R0vs6ZJk),Thumbnail_6.png (https://v5.airtableusercontent.com/v3/u/49/49/1769738400000/M1cC0uw3P7MD6inm0Z7E8Q/xNiw-SgZ4wdkbEBzofIcAoesx3GeF7rHs1LHPWfbpcWCPUQYO-ZzXZTjOCs9emNBwMQOMADL1jdZtDG9QCjlgiK8OF7dAgOe9cdZf7DWYyzN1J-5DmEQ4vol8k14jbkwM3Bc0vDrH72_DK79O_ZbzlDVF48et539bW65Qy9HnQs/h1nHbyVY4P9GyPgLCCmCu9Kvwwp0xzOEnSMzkW2j9Ug),checked,Uncommon,Fish,,,,,,MED,,,0,20271,,,Found in the Dungeon Pond,https://jade-decent-lizard-287.mypinata.cloud/ipfs/bafkreiejdshps4lwdystd3dlamqqoxkqivxasasidejaawvgmdtq5x3gzy,https://jade-decent-lizard-287.mypinata.cloud/ipfs/bafkreia2kfkkzkhgdydoufwc7n2wyxk645iszfljh55tgqls72anspvw2i,,charlie l,8/19/2025 8:43 PM,
268 - Dace,268,checked,checked,,Dace,Icon_7-Dace.png (https://v5.airtableusercontent.com/v3/u/49/49/1769738400000/3457wCO_smrh4fCIHm3ytg/b5Qmc0A_qLDyTbgXwvHafF1fuuFD7lN-MWLb8cb3ePDj9_H6REM7Iy10lU7IRbiCVrerLjB_kNm-ZM-R7DbHoLxkAiNpcvp3q7aPKK6TjD_nrdPurcnT_qTzXMPEMRhLybSBC-KKlBJNNCO6JDvUMc6ICIdSjY280zZFs2_feHI/MVThunu9AKYI35gvT-n3JJfYg4Oo8RfSugyzx7iKob4),Thumbnail_7.png (https://v5.airtableusercontent.com/v3/u/49/49/1769738400000/gRD4vzn3E1A2uf-zaN8v1Q/aTnBKk7HYVhO4SB3QD-51rPJQlVxDAu6anhNY_HlEYpUgUpWfn9QIObmMBkhLsP9x7Zpj6vqZGuQSGOqc79af1EEUqJitMNAgmuLOhFA7N5UPjBI0MfJTtI0XdU5KvauRCPcqXoQk-NGrIOFhIsSDtICQ5Oe_LwcAvy6ObQG-lM/8ExsSJU26TzRFid4MkP2WAZR06ZNBp35rcusaHoFSRA),checked,Common,Fish,,,,,,SM,,,0,,,,Found in the Dungeon Pond,https://jade-decent-lizard-287.mypinata.cloud/ipfs/bafkreibi6qpu7baql3cxq34i44luwdrwy3vhie6l4yxbq62azhkgkmocq4,https://jade-decent-lizard-287.mypinata.cloud/ipfs/bafkreibw6uangacqqn6stfdfpsoinc7a37tjpl7fn3bwyen25nk7gthhrq,,charlie l,8/19/2025 8:43 PM,
269 - Blue Gill,269,checked,checked,,Blue Gill,Icon_8-Blue-Gill.png (https://v5.airtableusercontent.com/v3/u/49/49/1769738400000/4_m3_i7dMmRf8h8fTGxoTw/LpvlIb1d_12vShykOuJt44ASso-EgvvqKfcMg8CZ8pzvt3uhnNOD5VqQazgrbOItOBcqYCr5s288TgA9In27w-bOCp32oIGX8_yn0ISz3fP7BPjbKv8UI62JcxLxllR85N-ckAIG4zuTgO8o6pfU6tzl4FxWW2s0qzgrbLJTQ88/z_k64xuTAsSPO6HCxXgJaTWHAMYmn-6C4ikjYbmFE58),Thumbnail_8.png (https://v5.airtableusercontent.com/v3/u/49/49/1769738400000/Uq2DaNX0lBWf_bU2fJ5oZg/6Rm_hr9Jx6q2Zp_s08d_OF-wPl1AZRSxpPstX0ei-qLcNEew7nst6TKsnt3rb2OuY8F-ZY_TTkdP7D7tLlHZWYKO6RFf_anBqy9I2LmpuDsOHr42t7bCCF7hQy1wyk9OHyLBExrCHJuii27NYnPITU3PsUKb9varhkWSrLScSMU/h936uw-qGfXFjB1Tbbjn_jlfIxg8MK9FPsYtXWCfxMk),checked,Uncommon,Fish,,,,,,SM,,,0,20271,,,Found in the Dungeon Pond,https://jade-decent-lizard-287.mypinata.cloud/ipfs/bafkreiersibhsvzxyg5bv5pxgddrpxudjrsdfvfomknpzi6k6grguqmeyq,https://jade-decent-lizard-287.mypinata.cloud/ipfs/bafkreiak5i4grasxohwmnjqcblnrjla2nbfshamysbh7wutxopy6da4u7q,,charlie l,8/19/2025 8:43 PM,
270 - Black Bass,270,checked,checked,,Black Bass,Icon_9-Black-Bass.png (https://v5.airtableusercontent.com/v3/u/49/49/1769738400000/xG293rQM2Rp1MUhZYsWPCw/qJ9eZBMGMj93SdmFDXaSPPPUh_FvnI1TQ35rTwDz4dmAgBh_7ZivGKkslglCE9NFMr1LOCzyxXsJ1bOy6A8JbNBV0RMt9vmp9F5rUgMIAFD_zq93gNowRJMbDbaq-iUMACvo6IulXD9tOXLttKTk-HcWzAWce7AEQwSO4L7TsiU/xYeFuvfIwwF_YRttYKm6J4maqjYzKyD-8e7jXwuEWLc),Thumbnail_9.png (https://v5.airtableusercontent.com/v3/u/49/49/1769738400000/vAqzfkvbprHyKRiN9JB8kw/fsTf8kkfsB1m3taoCtmxzqUGWAjdTrUFEVLwcBhZJhagaQ3tWO5aI5vLiAFrS7D4saxR9LBQcpedHXgGZRzdVd_9MDOTGUCMwcEhG83KJv51XaoDxElF6uDGT4oFhPk8U5g2h-Dy_G2R7zmLlwC2sAbjGTqooXRSat0wd_Xszio/U_niEyax76f8mlFmhQkdBvNKaCgYC9kxMBH_-cP4hDg),checked,Common,Fish,,,,,,MED,,,0,,,,Found in the Dungeon Pond,https://jade-decent-lizard-287.mypinata.cloud/ipfs/bafkreicetsh6sp5j2yhzla32n6h55bjzggcwhffr5grnoy66t4yfi5chk4,https://jade-decent-lizard-287.mypinata.cloud/ipfs/bafkreief6gjtg4r44if63c5xtxszdb6rysx2qla5uukleavv54m6tx7lwa,,charlie l,8/19/2025 8:43 PM,
271 - Blob Fish,271,checked,checked,,Blob Fish,Icon_10-Carp.png (https://v5.airtableusercontent.com/v3/u/49/49/1769738400000/14oL-7DWs7O59FXUe-E1nQ/KBuG2KlWjb2kdk9dD3AkfKaTcjpcj7WbJt2h5hu2yPTkqZ_ZAP37Wr0KdbBc7e05zaR6W5R1GDNBjcDBYJf6oxhu6tp7uehhsJqY5p38KHJFJOCOUtmP1x8GF-JOrcsKv-O-s33kn7aCATr3zXHq7q5VXxbJI-Im3J9bNZsn7wM/dkqjZLGnfu-FoC-A-K3iXrqjWOWm765s3dULY-8WYe0),Thumbnail_10.png (https://v5.airtableusercontent.com/v3/u/49/49/1769738400000/lKn_D3ie0ocKTIoN-y_2Fg/0VPNdm7r0SS4GPMn0PUeqOrIWHIRXQDy2eMUlQysKv33N1BqJcd-futFvdfyMzUES0eSnYxLflNnJQvQMs0aB0CAy-71icAcphSk2Sey-shKZKcKHJ2j9kU_cLv9aBv1B-oDDijt53SlILSB1_rN6bmdLfR5qaoYOQkYnXupTTI/c8dAZEjRflHrQM6kO4QmsagTzFeVEj_QvPnD_lfz2eE),checked,Epic,Fish,,,,,,LG,,,0,,,,Found in the Dungeon Pond,https://jade-decent-lizard-287.mypinata.cloud/ipfs/bafkreidjfnslo3bostbfsd2q2l4iwxm3epajo63w4krehzn2flf33b75ma,https://jade-decent-lizard-287.mypinata.cloud/ipfs/bafkreigxmbx4jgao7tnrdtkjjud5nuaxegpm75sklwl6hosc5v37wnfxey,,charlie l,8/19/2025 8:43 PM,
272 - Carp,272,checked,checked,,Carp,Icon_11-Carp.png (https://v5.airtableusercontent.com/v3/u/49/49/1769738400000/qLypkYPAc27jbZLXI_jrZg/YHRhyFb1w6tW3KszKV04-CL-OF8HypP6rtn1iiGTG2-w2pWOzu_WQuJoD4th6r-HakmtxkzCkD9EzZ93jiYiMAY7j9LQTzmZIgzPBNSFHSTvW68kzNVbiDnuIgi74USTFsbjUM-vvSvqlWRTmoAEtslLYcsmjOaviy2D7ppWAb4/C1CMzAuGguUVoGb6c_Huw7H4EbGmi9uI8pgolg6bczo),Thumbnail_11.png (https://v5.airtableusercontent.com/v3/u/49/49/1769738400000/b2VWzM3htiK_C6txvdVgxg/ucoox_auaoQjRbBJoQa3xK1CCGmt55BDdFSvqOWWk00faDdKBCdKubpZW3e2OtdRx8k8NEW7pl1fbOLH7sT66ASWPjrr7tORsiHjYa5vhuMFo01NkAuhczuHa7eLZQvDYqNKBMmv9bWcspIByfR-Dk8hitRrZhS431m-ljHFFns/EGqkfw_prig7aeJdJYlsk1NjCn3rDpz8poIKONOthPU),checked,Common,Fish,,,,,,MED,,,0,,,,Found in the Dungeon Pond,https://jade-decent-lizard-287.mypinata.cloud/ipfs/bafkreiht4jetl2ny3y2tpbw76i76u4f5p3nutpyxevnpj6c3n6svyjzdae,https://jade-decent-lizard-287.mypinata.cloud/ipfs/bafkreigfmm37dtefxfo446n2ucdg6nqhdnyz2jkk27xyt4cllynttxpy4y,,charlie l,8/19/2025 8:43 PM,
273 - Crab,273,checked,checked,,Crab,Icon_12-Crab.png (https://v5.airtableusercontent.com/v3/u/49/49/1769738400000/mirURCgS1ICwxk8XObPCVA/sPyhareT0BBV1n8M3yftU4MnFm21RMsV5d80B8WJWkw2i1JlTTZJqeNTexe9FzslIqg6S8E7lyAGgFMrlKecQwtSMVy75p0Fe-OPdMuAeGoEStbNB-L8UPhiUWnrevvT6zBfox-QJQQKHdHexgh5n8mIOk2-UG0l8eAa9a_A9hA/XNwnxW_x1Y0goN_HEq2L-tOzGdpd1lUOq-KB5Ui5IjA),Thumbnail_12.png (https://v5.airtableusercontent.com/v3/u/49/49/1769738400000/RGezUxXKKRE6HJ1fBoQcPg/CijlsfmTYoKU7tlo92C9KeReQ8unhlnyyJUEWJ0R2zBvvY0K5FTEukeGqPNRLJLXlcr_6AcCx5cQfoXI55ScxbA2ALmwLX44WpMXA-O9koSHbzpLXG0jdEZP62dVxzfNccBHsG8XcHOoCvjLwuYvUAatuQqtKsbRkNx-HaptUYA/6k3D1gyLeyycwKAXy8A3HD052yktZXoGqjF13wr7cJ0),checked,Uncommon,Fish,,,,,,SM,,,0,20271,,,Found in the Dungeon Pond,https://jade-decent-lizard-287.mypinata.cloud/ipfs/bafkreihdmkxaeqconvo5wlc3fly5kruidvvovbvminvgzvc4k3z2bkn2ha,https://jade-decent-lizard-287.mypinata.cloud/ipfs/bafkreibmamvi6nhenjhntvtbtuet5zysobgwdkaoj32nnyiei4sjv4xxni,,charlie l,8/19/2025 8:43 PM,
274 - Salmon,274,checked,checked,,Salmon,Icon_13-Salmon.png (https://v5.airtableusercontent.com/v3/u/49/49/1769738400000/aHuuOR6lpP4SCNLD6TpgFA/mmxeag53Uh9wrucqJPfjKdTo4EApGO7bO0Ay3CZRs-Yu_JMKD2uYYzP6YcVJe3hS5-6YcHqbgY1NkPtp1NbfzD0nybLAWxhjZNW2JCg8-YI2L27aSyjw5Q6G9kptruLyG46fC6u15Cqa4vctMAXKyPpZNvJxxWxi1U_vL09TJfs/fSuZKRxdodvZoijGO9_6A9u1LZmg0CK8DeX-qv1GmUM),Thumbnail_13.png (https://v5.airtableusercontent.com/v3/u/49/49/1769738400000/I7-Ksnkj3QzOkLxuKsIG-w/FgnGSnirtfaimrtVn49-PJNJzQmPV5tZKFXW8TzFYmpStndpOgWenpZI-jSPp0wRr-slwvueZWqWbpx9Je5l8vXXsF71Hr4T7V5xqzD_YRrYQrXti-sv27VHHaX52xIjFIBYB8w3M0EEF9IDKmEmlUsroCLZhXxEzjUYthnHudY/xVTfXjcqubSvV1PSNDD9tN9IqxbUNTMvWFwIvfpGJrk),checked,Uncommon,Fish,,,,,,LG,,,0,20271,,,Found in the Dungeon Pond,https://jade-decent-lizard-287.mypinata.cloud/ipfs/bafkreiatniuxv4i6w24dimemlj4t3mmp6ofbt2opuerxdflwyg7ejoj5d4,https://jade-decent-lizard-287.mypinata.cloud/ipfs/bafkreicddxzfyntatouwy56cimdactzffk4bgiwq7mqc5dq67iydlmb7fa,,charlie l,8/19/2025 8:43 PM,
275 - Puffer Fish,275,checked,checked,,Puffer Fish,Icon_14-PufferFish.png (https://v5.airtableusercontent.com/v3/u/49/49/1769738400000/c2TbUpuD7OlfuenQoEBZWA/ZkuZo6B9Zub3nuJUkOxah3oHP2jjtnyaDY6p95tlCF4YnE7mOsOkZRxfhY849C9QEI0VR_BbvKlH4Mi45XkWhDf1PJX6IslPOmA2bfp5cS87lIhSzZIxQvBHIIWY4g4fCXl8EpoUrB09izzG2JESRmlI4eeCIPNHJEjYloCHnr4/EZE37W3lRWSqsy1Xgw1eDzYXLr_z1_s17dE5VUKKXTc),Thumbnail_14.png (https://v5.airtableusercontent.com/v3/u/49/49/1769738400000/DFuhUIN6S010BHVg5N1NEA/jaF7BYODU1PVastNz5RwcVPYIT1e_6QI8aFBexF-Uv9XOMc8-Z_tLLDO1Ht8uShk26BmRSuS9QzwP7E2Dfh_E7F5-f_OHoJMs-YZ--n5SLIRFkcM7aK9cUG8k7CFy2wSNZXhxz3VHL1EiaTpWvfS5ArS7P-yr1wiE4-dpE1q_FA/6qthhD83y8Xv4I9lYf22IPKL5TKPubtqu34AZQCK1rE),checked,Rare,Fish,,,,,,SM,,,0,,,,Found in the Dungeon Pond,https://jade-decent-lizard-287.mypinata.cloud/ipfs/bafkreihzicmykcsoyum3rhujwjdzmkkglpqtwd57dh5acqkehtnn37um2a,https://jade-decent-lizard-287.mypinata.cloud/ipfs/bafkreigpa5pymrd7uwegkrmmu3h6yxnhp432ekqmypzdmqamzew7ptjr7e,,charlie l,8/19/2025 8:43 PM,
276 - Rune Guppy,276,checked,checked,,Rune Guppy,Icon_15-Rune-Guppy.png (https://v5.airtableusercontent.com/v3/u/49/49/1769738400000/O5MIO4fEznE-61S8g93iOQ/WWdo6pODSMq6RJSECEk_H1gNlOOGAHgUzV5QtnR0xKAtCKNyy_7dOPxbYtGvlo2c_zPtxXBKSMoER7Q7yNcm3bGftuMfe7mgp5ahCaOD6WklJtwbw80JvKbOFVQ6KtfL9sfZDOeAbRTkegXXb_Zxz8hQfPeTgZnXlfGkxtrleB4/eA9UwUhBG2736I-141T7Ws0BDBrlk8JNQpfxUVGluBs),Thumbnail_15.png (https://v5.airtableusercontent.com/v3/u/49/49/1769738400000/6_-rrciNa4aJgUOe9C3mqg/EOGzLT_E_pBWkBPV0Gt0fB2YtWSz-fEVZ2Nwx9HcLaM65SLOShgFMoIMnYmunpxAYyKPrRMPH3WjiKFU0A3Y5HbwSnTmM4acMs-gEu5MKCk-Sr3tihCLaZYJqPTD0jMkkHO9uweyo4z2lrb3YTPsp25Gm-CdftJbmAqNHj-tDCk/rtcnFgneLQGSEjIU92hp6K1hEM7nemeOLFB022ZC36o),checked,Rare,Fish,,,,,,XS,,,0,,,,Found in the Dungeon Pond,https://jade-decent-lizard-287.mypinata.cloud/ipfs/bafkreiesp4pmj4xis6q26x4gq5647ei3hwfpvlwhnwt3ldplqdrh7stl5u,https://jade-decent-lizard-287.mypinata.cloud/ipfs/bafkreibiga74ws3jnaprkyvtcwexqcbudgki37iwll7pf6tqd62xt652f4,,charlie l,8/19/2025 8:43 PM,
277 - Hexopus,277,checked,checked,,Hexopus,Icon_16-Hexopus.png (https://v5.airtableusercontent.com/v3/u/49/49/1769738400000/KNV2QeD84WwbYAcE99Whbg/KZXrfuU1SUWwwB6qFWYl1AvwZACt5rejeFF-Q7eehG5S-mOYOiLGH_fnqGEoCPm1MKUUUs2CUBpJbJHu5fEFhav068e3E169Sz19lwNi9OHl0YFvI6NrI7_P1K4wYUPgU257Svxn_qgII8Pry0KtCwUWMem9tn4xKdhQx_Ni5mA/mE2WfVwc8P0nG6VNdGN3KlAqnl6lxF6h3L7JrPF91RI),Thumbnail_16.png (https://v5.airtableusercontent.com/v3/u/49/49/1769738400000/aziBtqUKq2verTstLVYHfQ/yjptzSZDARlLOJKodSjx92idQPMRVX7RTaG1SSGVUj2cEv9XvMmZEZ6NLS3vOrJLRjXYzKU1gJA0t-jj2wFiKk6hi082jlfNDm_PQG3o3Une8hQYAKllb4vRoisaiJHyfBmC8SiUeiCUiiwXQICD5Wk70U0om0YJJSkG82C83B0/pU4Gn2QM2O7rTj8LhFLy3O8yCHQU-MPmKK5J9DW9Neo),checked,Rare,Fish,,,,,,LG,,,0,,,,Found in the Dungeon Pond,https://jade-decent-lizard-287.mypinata.cloud/ipfs/bafkreibzoet7x267lm6eivkfz447evoilnjwybym33i4i6c6qmv7426miq,https://jade-decent-lizard-287.mypinata.cloud/ipfs/bafkreibdqndfgnji4y2br3h4dr6jctz573xcp766ieyhmnd4gxuemdvnui,,charlie l,8/19/2025 8:43 PM,
278 - Spell Frog,278,checked,checked,,Spell Frog,Icon_17-Spell-Frog.png (https://v5.airtableusercontent.com/v3/u/49/49/1769738400000/faWZk5SZ6FzgUT1hDc5A9Q/IQr1iTbk190U8NDQelA0ONUFYg9ROB-5h3OnN1t1oIL35Myu0SrPFV-wHfEI6P-Mw2RjC-b1ys-gkFiKtJudzki-Q5ohnQZZNJikRb8G9vNb-TlaXRIhd45HTp4WGdtntJtagM8SMvPl-BosRLyMXfsjwyIVElUOSxfuxm0mQv8/RnEdWHplWrrn0GQU6VLtWr_aW9Cpzc1hyq3r_J9jcJY),Thumbnail_17.png (https://v5.airtableusercontent.com/v3/u/49/49/1769738400000/dVHQ9qFN0i_Dx9XEOWOnhw/B2mpUT4v-Py6I1y1JKhjybwA4TbiMj0IDDtIHWit0y4sWlT0Mu2Zy2P9brb-HA1SYLm5K56WSoNsVQSJXkGEUCWgP-RXiDT69Wc7qEL4WzCv4TNzmG1_Qflu1zGlRUFPStefzj3bO7w3O1_GOrOxqJTf15RRvwYMRxvB9s2lVb4/D2EnvcXsIMC-GUSdDTi9-61HWpyfj-ubN0IjCzTy4vQ),checked,Epic,Fish,,,,,,SM,,,0,,,,Found in the Dungeon Pond,https://jade-decent-lizard-287.mypinata.cloud/ipfs/bafkreic3vxcndjhm7vocfxxh7bqcfguoceoglgqmhwcwfgnc745cmiefma,https://jade-decent-lizard-287.mypinata.cloud/ipfs/bafkreid6veurybixiosw27jdhzc5yyof62ozhegvnpzqhpubwjfkcmowlq,,charlie l,8/19/2025 8:43 PM,
279 - Dolphyllis,279,checked,checked,,Dolphyllis,Icon_18-Dolly-The-Dolphin.png (https://v5.airtableusercontent.com/v3/u/49/49/1769738400000/Op2gkwHXUhvclCq3OA_zHA/AIg-3l4rQPLJb7oPWe1-XH8ELI8PulUAfLHlfn-humjPEX6bKwfTO2REW7dV1Ad8a_Tx-v5esFKnfhJKv5tIznn4HBj6osqc9m2Cv-6IzK6ZINSZTemrmguC002QqndNwTIrRAiN3NkoV2s3Y-PBcpaY6QcW9uN1cv0BXwGNs1alJv91tflOoWKfv6uYvPBp/CX6xOAAxzlPWn1e4_nl1HTLUsSgP_6M9C9rDeg8ByuQ),Thumbnail_18.png (https://v5.airtableusercontent.com/v3/u/49/49/1769738400000/5xtJ_hH5j92XIwFc5xDArQ/HtIspa4cR2kxyJPO7x6eQRyt6FgLs-Z_Ry9VXLwH-sDY4_MKisIYCOhsPJRO8K2q6ppPZE4ILkMyblpuJC57YPwFxdHOSeaN_lZHtkOQ8XWqRiT6I5bvMSnWcHVy1ZWaiqwHI7JsEQ-N39J4-vW339HvMW5sOLRrJznj7f7Sq3A/0NTeMWCw8TJU9fBF6vxYPiqaOYhR1UG-pjv3yGyesNo),checked,Epic,Fish,,,,,,LG,,,0,,,,Found in the Dungeon Pond,https://jade-decent-lizard-287.mypinata.cloud/ipfs/bafkreihl3poyb7nnjbtp4e5mkfuqc7z2cgnw5kkndp6qrlebrylyd6lw3i,https://jade-decent-lizard-287.mypinata.cloud/ipfs/bafkreiedol5xsm5sxgrukv264usfhro7i4tgbeondn5dgl25ygaa3askve,,charlie l,8/19/2025 8:43 PM,
280 - Lick lock,280,checked,checked,,Lick lock,Icon_19-Lick-Lock.png (https://v5.airtableusercontent.com/v3/u/49/49/1769738400000/665adjIa7J1mfPhJj1oDLQ/B1omXvX0-KhKHu9ZgDdjq8oT_KcvkI83OdaNXYkx2WFSS2LJ0403Z0RC8z2E4mZqxw9UCFYfoedgiEtAV5ZaBv77Q4rPME4NbEE_8kbQoZ8DXEPSIviSvofThcP2J6n9ENrHJ5cnSL99h7xhOMRfLKn11aYBLa4_-gnigxAftjU/xh8VbeQoQ-hiO_67Pm2qUwPjTw4Sior54zd3tnmRDeg),Thumbnail_19.png (https://v5.airtableusercontent.com/v3/u/49/49/1769738400000/wfnm-guYh5pw17HPs-DbOQ/w1yDy6XzqCxS6KxZ_EwNOhOgju8lBaLfyVPhEN0dHlzMzXtvXY9eTH2mRzn97W5ULIOPBtltJ061Jt4JHIviqsqzX_AQTmiBGO9UxWEiFZ4tG0pn0w2MN0IWWOptPAjrKGGCLf7GAKF74lxwB7l_mYQREbdHn6zWXmYrSTg4wy0/1RqD6QqZe92O2CPZgohiYv2jvQ_M0eRwQAKM5fu5Er8),checked,Epic,Fish,,,,,,MED,,,0,,,,Found in the Dungeon Pond,https://jade-decent-lizard-287.mypinata.cloud/ipfs/bafkreicwatupfvgstklznrmatr5v5ao2arkruo7zo6vi7a3m5ygpkkh3yy,https://jade-decent-lizard-287.mypinata.cloud/ipfs/bafkreicqvnwrcqb2gahmwjbffn6n335lv6syd4og7lwxow6al4mbliyf74,,charlie l,8/19/2025 8:43 PM,
281 - Glub glub,281,checked,checked,,Glub glub,Icon_20-Glub-Glub.png (https://v5.airtableusercontent.com/v3/u/49/49/1769738400000/u9wr4og4lxHwsohTltjiyw/G8j-QJu2bp1Gjoi-h9YKLLkMmM-J9uPuKzNzQ72OsqEWgqp--o7Mh2fyTZpE6YD4vDQuSpEi4idFL5os7c-kDuPl1QIC0jZJ-j5PjANz4_Usuj6Na-togyjaO1jy7yYCV_Y2zolwVyXbX3lfwdGoyg9MGT60IfcmsiE3y7aQRds/EndZ_udkurOtbRNXNSEN1Bav9m2bdSX8PEk4UkPGc5M),Thumbnail_20.png (https://v5.airtableusercontent.com/v3/u/49/49/1769738400000/-daXuxp5M3LsZrdK1IKaEQ/_GlM03TScAlZg7CoxN9IDh8olRJzZVG9aZXBGk7w2BBtFjh-x3u4uH8QEQ_c8nYZ4SUic_DbvSNW3E-iTVw2buzdu2KrIw4rNxMESurCNR3mFcrDqrFcoOGECwE3KwulDzGZx0h07HX-w34Ezo-e_U161xpNQ4miYyOpjDVJ1kY/SHepaywi0u0DkgNPxD7E4llWREiJmLalKyNGGAzr44U),checked,Rare,Fish,,,,,,SM,,,0,,,,Found in the Dungeon Pond,https://jade-decent-lizard-287.mypinata.cloud/ipfs/bafkreietaee5gtibqoimktyirahgykds5jmft6kny3cidza7mehp3oota4,https://jade-decent-lizard-287.mypinata.cloud/ipfs/bafkreidhaxmxfl6ktqryh6pk52yx7ocat6r4aez6llz5un3v46p6j27z4a,,charlie l,8/19/2025 8:43 PM,
282 - Lil Peep,282,checked,checked,,Lil Peep,Icon_21-Globulus.png (https://v5.airtableusercontent.com/v3/u/49/49/1769738400000/x3FTKIuRFINbUyPrngThVQ/6ytWHeRjyFOk7l6Wo4MX7hSxEBWS5wZhwaSX3Pc_UtCHGbB30mqFMfD4fbYvnKf3jyk2brD6m2u1-kxp4ZFpC9frE7Vhujrwn5oTvl3mDLW9hJVU1Y9Rtml7Wa6iUQz2iHXEsSsiCY1CIDOX1SF1jUJ4B9v7cP2_JOdAuNlcvxk/p5IuBPNu6GuPVXU54-rjPMOoQu0HrLf0hUYkCsaE8vk),Thumbnail_21.png (https://v5.airtableusercontent.com/v3/u/49/49/1769738400000/q_wh6PkD28OL_WkHmELZfw/GwtIPHKi6yUiCkHr9WamlgSPDud7B8D3KchH4Z091c5xDmjxWTlsvXN18lgRtP9luAfyW03EIkqdyfjmQMnv3w6jtHdWZAhtpW-HeiUSuyChfd8Wko_j7aOvc09gfE9-vdBd1RqipkYk9jPb5_jE0uTjNftBRnbAL-vmi3Nj0uA/4UP7Zz5TcHKlaCw03H4Cy0EvKLkAZ-ItKoNXMV3uJtk),checked,Rare,Fish,,,,,,SM,,,0,,,,Found in the Dungeon Pond,https://jade-decent-lizard-287.mypinata.cloud/ipfs/bafkreidbxknbgxfxfnplnrl3fla46vvgnlkvm3ibzbd65anyjipykdvxpu,https://jade-decent-lizard-287.mypinata.cloud/ipfs/bafkreihl6vv4nylfyi72sn5jblopydcine5cabxlh2q2twu4cf2xah5ilq,,charlie l,8/19/2025 8:43 PM,
283 - Blinkle,283,checked,checked,,Blinkle,Icon_22-Blinkle.png (https://v5.airtableusercontent.com/v3/u/49/49/1769738400000/l8smk5lzJ8Ms7-QxllrIgA/1yhj7WyGdBs2HzHs7tCY9IPiU_JYfk0klB7p1_fEkCEoK0SyIp5o7-G4zLvD71AMUV8mYhkNZf25975ADfrLwS1GwHnvWcQfM9vbV3y60xpBvf5qh7fsZFCdepityTJ6nx8H53JlN2c6obWWftk8mx2afbASPRduPYKSPMRvEz0/FjYfV-2k0IJ-sg-yAcBKpWp8XmZvncAHCA-qsRmsLpY),Thumbnail_22.png (https://v5.airtableusercontent.com/v3/u/49/49/1769738400000/J9U_YShV2OFgZTC7CPWYzQ/o8p_FzXe4Kgmqg9sUvppNF67-O36U-50UlUqUWQ9IZrGvPxV_YseXaYdMXVwZoFQvFXJu-3fM43AJutrt6EM3KX7eexeGo7wC6qrcPQL0I8KgfqbRxUD07TvJWeYAflUOg4H0SXVe2k21dC1Uyb2k3OmpXnd2l2L1RIdkymzaL4/8pi4fDxl-Kd_ssX1kHi4FSMYsHJT0cQzBDVPBM8ZmMQ),checked,Legendary,Fish,,,,,,MED,,,0,,,,Found in the Dungeon Pond,https://jade-decent-lizard-287.mypinata.cloud/ipfs/bafkreiddgfokl7c2ywyx5essa4mnv66yj3g27rejncvsy6hi6jvjgpqhrm,https://jade-decent-lizard-287.mypinata.cloud/ipfs/bafkreie7jzboquorlfaqbwlq2vpmhvqxxoq5a2tszsinivjowlfpjibp54,,charlie l,8/19/2025 8:43 PM,
284 - Hornaldo,284,checked,checked,,Hornaldo,Icon_23-Hornaldo.png (https://v5.airtableusercontent.com/v3/u/49/49/1769738400000/aR6HpmTGeI8Bn7gcNtFpbQ/_9yxkVIStEFLZILAq0vxcf7m9w-S6PdekqQjeFUoYl_5a4iJ1EkO8KcxhucNy7rSUwSccm0BObs-aKiK4Gc9zuDhFfnTW_4ptS5em877vVwphgckULvQKnmLKkqIMb8ue0dJcXsLBLUFu99yw97NA3WhGRBQNBsW_PnHsP4UMvU/AFxemU1MOvDxyr7Hw3BTv89P0IrveCxSAL-8hRnRpyA),Thumbnail_23.png (https://v5.airtableusercontent.com/v3/u/49/49/1769738400000/CNPFEDaFwizUfV8veSiUuw/EJY7N8kXB1yaFdpqEinll_NVm8b59_8ubNLNUmSF5uLHET5HwEhjpUoNvYxIQEsLwF2JDDYGt_Y8mP_MJEVEt4Gobx3cHL8XQSjUM4nrGPqNknYSCC0GydWyYzin4aco-OzFR4y9Vs7OVLJem2O3CXxAofcFiYCs5rtMXyZXm_E/QVPdtNe4s1cUzX6BtSFZTDya0pGRJ-jaBH5yK3NwjzQ),checked,Epic,Fish,,,,,,MED,,,0,,,,Found in the Dungeon Pond,https://jade-decent-lizard-287.mypinata.cloud/ipfs/bafkreidvz57oiaki3f2ny44rxolat3cohy3yk6wxzisn6qlsnsiopufipi,https://jade-decent-lizard-287.mypinata.cloud/ipfs/bafkreic3mjj4b5fomwqmhypx2cpks4ic66sgqdvezrrv7csgqz67pfxcw4,,charlie l,8/19/2025 8:43 PM,
285 - Bubble Nib,285,checked,checked,,Bubble Nib,Icon_24-Bubble-Nib.png (https://v5.airtableusercontent.com/v3/u/49/49/1769738400000/SAnpwzMvFeMEzVCgzl8I8g/tFU2g1jVoJpHkJ2l4v1i7tSZY1Wsvxtss5PlAd4QFv_mqxlr7KlU0wzwVaM03IkayrSfsLmoXil0WnxhfJ15CqXa5NltaQWwPNiEysJLNJtOIfpFa3XIW7BYi7cZgMl1SeEjQoGmDS0bOsyMYmnpXXr38yNV06u-5rRt5KVJE1A/5hu3K4MVM6m8wxGJWUo1ahUbsCGLRZu19IsSzCJwFjo),Thumbnail_24.png (https://v5.airtableusercontent.com/v3/u/49/49/1769738400000/Uy8qAsXLwrfr8bsAsiFx7w/a9NObswwpOt5Tn1nMXe4epaUmXpbWRtpBVuq8EMPNilEFV4RGLNZob6IMTxPkzdMeZxeINI1UHnOKKieGiyTy-z8ye_5vffKR8QA9EHvpvvFe19M2Et7KbiHA4d-LK32RdbKALBtpZph_ezzhPe6PQq6NhCrifaATEe2XDDmzxQ/vZUSMUUjticqKXDQXij3ubAns7k4LUmEhQrLQyDS8AY),checked,Relic,Fish,,,,,,MED,,,0,,,,Found in the Dungeon Pond,https://jade-decent-lizard-287.mypinata.cloud/ipfs/bafkreidy2bbw7afrqhf3fsb5wl4xb256d777xm2h7ntbpnjkkau3byhnrm,https://jade-decent-lizard-287.mypinata.cloud/ipfs/bafkreiccpgquhbbgrtw4l3mz3f6s55ptgj55hlm6hfafio23r6wqgnljve,,charlie l,8/19/2025 8:43 PM,
286 - Hermix,286,checked,checked,,Hermix,Icon_25-Hermix.png (https://v5.airtableusercontent.com/v3/u/49/49/1769738400000/D8iqzbnI2zGBvIC6l3ryLQ/vVTYRPIivdmnpULUCmv7_Iw7O1PJu9Xv_Ks7fSQzZzY7BW-16BNPr9Qf5q9A40PloRriSyXCVxuSzwFhqLReqy65ow7dwK9oK_7pD9F8FUmtP15uRj4LNgsfcc9Ao8cHh1LWhQOtM7_ZNIM3VOwAEyg1ZSCcAwmdb7r7SD45my8/CQcytnJVKfuWQo5s4dLrUxEXlmeAnXv7BB4FU9bGpWM),Thumbnail_25.png (https://v5.airtableusercontent.com/v3/u/49/49/1769738400000/FJwYdvUn9PGNRHaIkU1gAg/a1hQgZiOmoSz6qfi64c3DQL0Wi0IATCrGj28IZMt7H_xKRG9iz3iLwVt7d33k_D7RDbA5qbro-fbjvg8wbUW75O6XRNtN3Q581JXNiHHmw-pPx5hLKRG1u3WQdAWFhnTRElax-rrgciHllTz8-mj8Kq5our5mfB0tvRE3PrbtEw/cuU8Lp_9GYBUHmmHfS2tRoYFp-fKFtNjgnuV1ySKEwk),checked,Rare,Fish,,,,,,SM,,,0,,,,Found in the Dungeon Pond,https://jade-decent-lizard-287.mypinata.cloud/ipfs/bafkreiavrdmacplw67sa7hubitb7y3ggir5zsdz4ixlhu7ni7a5rfrpula,https://jade-decent-lizard-287.mypinata.cloud/ipfs/bafkreibuw2qup7gnk37sroco4rxntu4k75tazkhudupznviil5wz2smoem,,charlie l,8/19/2025 8:43 PM,
287 - King Crab,287,checked,checked,,King Crab,Icon_King-Crab.png (https://v5.airtableusercontent.com/v3/u/49/49/1769738400000/W0klc8xM7x3IsTh6tgzFKw/J8DPy3TjXym4RynX9h8-l18-r2gr6YbE1D8oy-e6upvBrmEFgqkrpl02W2uK2rEFQCrQ8MDe7lbqrQWGmIyXi_-oWOlZP32BV-eUd3-WmQpEm9jdS1SMFQkW8MA7bnqTSS0qSayT_vrf_ig-jMwMUkdvdPQoo1zBmb7W5lgPa_4/v0Xj4snci3a5Jeqcn0TbzJhOfry4T7lLaHcR7vgu6jI),Thumbnail_26.png (https://v5.airtableusercontent.com/v3/u/49/49/1769738400000/VWELKYEq4bTK_TkO0riosA/o-Xb5c1mHAAjbEjFFcAkJW_zOlsZSztJxOEAeiSB0TNB5w8y41wcG1d1dOn-Pw26-BBEUGT3JwGWv7MEgyW1hQXMSR3lejBsLaU8n78RZwkrFyzpRJFpsDn8imNr3paaYo6Hl7nYXOvcInCNUnfR3a9iJsbiZntWM8IEIeyyRNY/HIYLLBDSequR0PlsDl0dviUqDSUZv5QDN67BX-gLZuM),checked,Epic,Fish,,,,,,LG,,,0,,,,Found in the Dungeon Pond,https://jade-decent-lizard-287.mypinata.cloud/ipfs/bafkreigaw2xxlwdpkvkh3dyhaz6tszoolw2asqrs63miov2i44rbwou664,https://jade-decent-lizard-287.mypinata.cloud/ipfs/bafkreiez2toifyum4pdivwcozukzznphckvobpovr3mhd3yklvyt7v5qw4,,charlie l,8/19/2025 8:43 PM,
288 - Warden Lamprey,288,checked,checked,,Warden Lamprey,Icon_26-Warden-Lamprey.png (https://v5.airtableusercontent.com/v3/u/49/49/1769738400000/S3zxGipjKCqTvV-JoW4GZA/ha659qfVFpQYBJW1sEHZR2mQI_7ehlyfstPpENwesbWtNVg2r0iy4EtHBIq1eHzFoziTRPSj-OcEjgImIgxtwGN8I5ff_Y6K8JPMINh8X0cbJOFwH8D5SOh9fOM5Zeb1B2JXOWjl7lGgF4PBhITcLqEkCQx019KAn1sJMFUXoqMPbDnv6K8I4j4NOLSteqqE/EBKMdUzv7KiDDcn0YJ0lhstxGlZn_VGify7p9QEhuCM),Thumbnail_Warden-Lamprey.png (https://v5.airtableusercontent.com/v3/u/49/49/1769738400000/6vd1WvzlEYagaNF32FgJIQ/UGf8Fx3HEXOzSvyF8ula1I_HB__s_8qc_npivp2EIcXz1lqXsteuEnKLM2ZQEV3gzofJ9DFET_p2gQL8RFz7JB7qmAorLa2j0MCTq_M0tZ9dxKPbZaoMfhau4Cq_KNgLVBt9UT8iZn6lB7xPbOqic0xaP-sAgujUwvQbucRqQJUMfK8yoPaUMfcbVbXXG__P/tSZCyW6yWT_x8tEenTrY3gm6cOIs4CPchgd4nVCfElw),checked,Relic,Fish,,,,,,LG,,,0,,,,Found in the Dungeon Pond,https://jade-decent-lizard-287.mypinata.cloud/ipfs/bafkreicpgxeon5eatuvez6klxk4t3j34l37choz3hhverclyiuquzcte44,https://jade-decent-lizard-287.mypinata.cloud/ipfs/bafkreihhxou7qvuotacpfep4ml63cmbgnnga3fve7wffe6vnghj3ho5p3y,,charlie l,8/19/2025 8:43 PM,
289 - Octoboo,289,checked,checked,,Octoboo,Icon_27-Octoboo.png (https://v5.airtableusercontent.com/v3/u/49/49/1769738400000/DSGjcozq07Llwwrc0E6A4g/vlqr0UdYxGNq9T1eN30mCQC0JCz7DGvb8TLfRq80OwLGo4gNZlNDPHL0e4pJ4fwFCfFWgL8l2yZxGJO10hLOH3jLSy46eVqATKba2nOmVlBxGxOAQIB7XZ0PWwr3YFJW1ltGU7XUWDvvf8GxnGPm1Qzi3vbmgD042Jiisz0y_DU/Er9dxxV3ruar2HQ0Bj69XhTxnGSVuHVZCUc34uHbBmI),Thumbnail_27.png (https://v5.airtableusercontent.com/v3/u/49/49/1769738400000/IwnRfLg83X6VH9xquLXoeg/TCK6VPBAYqTrGY31OMHVbJyG0Jk4BxTCtZLyWD85BCOI-wczbnJA6Z4A5juyBupvK2GNsHLw-HOhIqJtbl4tmiMFc32Wbegb4SQPHOKEGGtvr3aExzWlFVGf7gYZAKdpqHuZJblcWvhuWJ-1JY5Z1VS9rggCcW37EYVX-kEzN2Y/MZkBsAcNqONurrZPKTujXi4zi-nrIYg4AUmdp7KHPG8),checked,Legendary,Fish,,,,,,MED,,,0,,,,Found in the Dungeon Pond,https://jade-decent-lizard-287.mypinata.cloud/ipfs/bafkreicizzd56li226mg5tqc2qawgp2ldsuge2gkawhd3vrzcw34jecuiy,https://jade-decent-lizard-287.mypinata.cloud/ipfs/bafkreidgsabu6qdgkuiv7okqhlnux3cxypzu7z542axlclg5sibapef57i,,charlie l,8/19/2025 8:43 PM,
290 - Battie,290,checked,checked,,Battie,Icon_28-Boopwing.png (https://v5.airtableusercontent.com/v3/u/49/49/1769738400000/kZ9x_yvtNV5kGtLuBHZQ6Q/z__kDZCHTvwMK9KkWWAQ4Bp3k8IW4lOsLW2iSvDaHZvsEMA-y0ZiEnRI0uL9sCcTQtETVf_9pTpjYlGN-GFDYhQu9bmVGSHnE2wmrQuMOaU3qyDdwM_tzIfZpqYdQiyNARPPQ-7JmsN5DvuhQoktTsHts2U3K5zI9oQ1BV0_QI4/kYP817ZMfeWZvcujj2uyMPlyvsGvVcJSkjkeS9WCNeI),Thumbnail_28.png (https://v5.airtableusercontent.com/v3/u/49/49/1769738400000/wf4hNS3AiOtQoFn0U0vJHQ/-cjoCkSGHnFCYGJNbOWAv3UQejh-tAYvkJ1Z0bBsuQ8PbV1IltONodWANrgn2H5EFeBbOsKmUPS-vLwLD4VbzQLaQHSDb3CJl8vbYVGSWa91ZwCDP3XhCEeZqk9Eba2vj12GIlK8C1ZRhpGpIAqHReCsuJ67AEaO_z7-Oan53k4/JMvbWsGf6W20Kq0_YyBJ1_uLhyOQLitFdSYl2SSbueU),checked,Legendary,Fish,,,,,,SM,,,0,,,,Found in the Dungeon Pond,https://jade-decent-lizard-287.mypinata.cloud/ipfs/bafkreidqnkqticvmkubovwxp2yvvtmxck3okgp5pn7ct24ato2ar7ss6ve,https://jade-decent-lizard-287.mypinata.cloud/ipfs/bafkreiaaboixppaogycsh7eh26b65wqnodwgbt2gvmfhek32wjip5kx5xu,,charlie l,8/19/2025 8:43 PM,
291 - Skellfin,291,checked,checked,,Skellfin,Icon_29-Skullphin.png (https://v5.airtableusercontent.com/v3/u/49/49/1769738400000/bRSbzj6VMOYKhkSB6q4psw/ev53jnhoROM2d4di9YH-lQiyFmsofNmjI5ogCjzqqYC6oC197gW_Ei8bxDLJ5Us5DYDhQr6GRsLm4Pi2a9OAic0eGoeI4Pbii9hsg6fB2biV28sNBKKN69aOA4Mt7hpdMTBA_gmMRx9YBkCtsvmBOgtcY_gtdYuEGBhviuNQlvw/rrMavB_Qps8XxQGlxBXSTjyIJSDxMq88Hvo0GO-YpTs),Thumbnail_29.png (https://v5.airtableusercontent.com/v3/u/49/49/1769738400000/HL17IpPGl8PgV3U5qjD4Tg/Y-YGO_lqKYTLZBhpl0wp7CvMhiR_EMFhhSDUyqIV4CDqH9O6TWRW2FZ-9VXdx5gC0iEEwyUuGKpc3BzNH_hCrdN-K4nWlXgUO2s7oLmZCLisZqzUCLNnFEjBW3n9CpBdx4gErUiZEgVAL2yflcADtTt8pN_MuduaIaXbxgGv2vg/_T8AqBxAeaqbunapOAq6-KNPs4JEbCCDlR6u7CwaVSE),checked,Relic,Fish,,,,,,LG,,,0,,,,Found in the Dungeon Pond,https://jade-decent-lizard-287.mypinata.cloud/ipfs/bafkreie77pwor5ujnqwkzytre6n4b665rs7fusi4fd3bhj3u2egqjivbeq,https://jade-decent-lizard-287.mypinata.cloud/ipfs/bafkreidmi5it2c55rbskfduxjd3yy5a4esjxrsfszfbpuaoune7okh6xnm,,charlie l,8/19/2025 8:43 PM,
292 - Seeker,292,checked,checked,,Seeker,Icon_30-Seal-Seeker.png (https://v5.airtableusercontent.com/v3/u/49/49/1769738400000/AzBhLkoIwobvOdsdSihxTg/Uav3mogmYMYb3wkbTQF54WF3RbMaPZWjLD-6aJ7RdDB7e84420XkHSltuabuNX2ttDO-x2rkDfyyMGGt0DMSjBjjZKRIv1WfTNmwcalz2m_98bp6nnuQIAeK3UYmBlIyDb7oJ5v8Hr9ZtOMXS0X4_vmILA_tum8770woFKE6v-8/rqyu7OrIiIN68g-uUxqsNuVXWK-mi1GG_8Pj06rO2Nw),Thumbnail_30.png (https://v5.airtableusercontent.com/v3/u/49/49/1769738400000/8OGhuPxF-voZUxPlixVcUw/0H7ys89u_Io6rbkEimemQAsCsWWX5uUgN-DNFKTP8Xta2BhXCnRMW-eWqJ6nnegT2-FI_kOamEdW-N7mU6SGCOfmNvufqIrMRBkqBkMY3VOQWhs3zP6wgI1W41s6wgow54wq60EosXrAJR7e1wyLsQFNWWIYghco2vEG53w7pc0/Lh92qU2wXToN6VfplMlN3J7AOmH8cwi0f3-V5EsmI6c),checked,Giga,Fish,,,,,,MED,,,0,,,,Found in the Dungeon Pond,https://jade-decent-lizard-287.mypinata.cloud/ipfs/bafkreicmohoc5qeofjhtm45rfgqwk4ouofg2pzhkxumn5gc3ei73vqshja,https://jade-decent-lizard-287.mypinata.cloud/ipfs/bafkreidjcevm7xu6dtktd76noowcank4asq3pkxf6lx5yxqxjndtd57zbi,,Garnish,12/22/2025 3:20 PM,
293 - Anemone,293,checked,checked,,Anemone,Icon_31-Seer-Anemone.png (https://v5.airtableusercontent.com/v3/u/49/49/1769738400000/eGSLKbd3SqHQ4CI_JiifaA/bHanunbBYg8VYe6iWFVYbrj30eAH5TNSydqqks2GxjeKa96W3NBygfLIGJF26tegnFQiMBPSP_38ZKmKYmlYZ-tg-4noOOrxf_MDbOyLv_l0vm93nE9SEhPxuPPz4gY8ZBoo9MTClf7mn1i-9wMXh18y8d10dk1ZkzDiMlMnAGs/n5ekwaSE7BJKbj4VgbJM3EMEe-deX3cA4Cq5PTmuCho),Thumbnail_31.png (https://v5.airtableusercontent.com/v3/u/49/49/1769738400000/O-B__Bt3RMxm7JhARLR2gQ/YretHNdY4MpOiACMZ5ASwzv6jz_L2U7FU08dEAtBJo3kK0TQo8lWp-OVF6XR862nc1NGq2hGLhPZcVoYaJUyTJofulI9-706GoVDBGcbKu-PrOVrKZSE38JM_i6HoLIXDXuSDJ2jMagSzXN5gfkzk0ZzZDIst-ITtEBcUaHFhhU/x1gkRn22WquE2AXrdAcPFmcVIcFhaz3s_OoGmLLdev4),checked,Giga,Fish,,,,,,MED,,,0,,,,Found in the Dungeon Pond,https://jade-decent-lizard-287.mypinata.cloud/ipfs/bafkreidgqgiumbqi2uswdshxpwwsk7ameftzfipjc63eprzbeyeb6hduhu,https://jade-decent-lizard-287.mypinata.cloud/ipfs/bafkreib6q5cgwfafhfe24ig77gygka3hhsucuedmvtbpodnvwy65ywtsxq,,Garnish,12/22/2025 3:20 PM,
294 - Geotle,294,checked,checked,,Geotle,Icon_Turtle.png (https://v5.airtableusercontent.com/v3/u/49/49/1769738400000/ebufPMBuRYwuXHGAQbmZFg/WB_kxaD1GepHq_Lnt3M11SPAWtq6IPn7uIw3w3Mqn78DWup9iZacXrvSpiSt0hY2g-itq3etwMNZ9_TxdxaQdjBbcTCezsfQ9nyowYc5L8mIjn-kBwnPDZdmm0hRGExsiESbod-S9Xhn2pqETop2DYwXYEQKuk7ASZzmQ4x37GE/nKaxe9xwfBwF_Jrv3gEUZO9NNRQ__jiqrUHPhynv-dA),Thumbnail_32.png (https://v5.airtableusercontent.com/v3/u/49/49/1769738400000/sMSa58uYIaNUTsn7ckOR3w/-iNWtFxzYRNJkmUleD6LZk9-5Rb-jmAFnobMeIHuNrv9SIZdStukfYcaa0x9KKRdoxDa51nnCFFRZjVLngQlO6uyVKc55qo4YoQ2utcIjiUw5tscCbb-uqjlzQf7acFfT9Pb5dfcnhT2W5_AKqoFXjb6lTs31_BcL_Ge3-yRaUc/dp5ZT211Vf6A03Zg9q6QyZGf6bPawvqvwO4u51Gon0M),checked,Giga,Fish,,,,,,LG,,,0,,,,Found in the Dungeon Pond,https://jade-decent-lizard-287.mypinata.cloud/ipfs/bafkreiheypkr2uyfacqqjmbzndeq57servrdbm3ojfyx3eqyzs4axzytl4,https://jade-decent-lizard-287.mypinata.cloud/ipfs/bafkreichx2bgfcbzr37buwpvp26h7t2gwkwusi5kw2j6aht22yrkk4cfcy,,Garnish,12/22/2025 3:20 PM,
295 - Jaws,295,checked,checked,,Jaws,Icon_32-Jaws.png (https://v5.airtableusercontent.com/v3/u/49/49/1769738400000/TT7pegKE5B4OSJbvUbC_wA/qQc5hKqG6jbjRx31q9EQL6fFjXF3x_aJz8rhtd3UKsOf4O4oJQbjsbL7NPQwF2Is_NGSr27MC3ED83C24jnt9B6xduGWlB3b5PYEZe1xbhaZryU6mv3mrHuUsLyZb0RkGCydeNTlQQdNrOa7HOHI8Kt_RkaLVrNcYMY92HHKM1M/iC2vSz5fCTu99vN9mgQM8eBs44Gzy0Etv16IpGfs1mY),Thumbnail_33.png (https://v5.airtableusercontent.com/v3/u/49/49/1769738400000/FKm9Nmp8W9oPQM9p8--aXA/Q3R2k6Am4B9N98KTAHWEfAzvRXd_NePsyXiANyNtWha30yhq-Cj5exXVzTmI5UvPCp6ezp46C-EBwNljVxjSkchgo-dOPLb96-yQ4my2oiF_3pv8XmYo-8hDY8fOWZ4s4-nJXdsElUBlIZiy02zIntuzTmuapZH_mGGbYC20M4M/oCh-mXGooO6c3Q9thiA8jIu-5mCbM9I1xwmobDfmTXI),checked,Legendary,Fish,,,,,,XL,,,0,,,,Found in the Dungeon Pond,https://jade-decent-lizard-287.mypinata.cloud/ipfs/bafkreiavygz6cofewl36emgbkyh3li774fpibnykvesa4fc3737ha4anye,https://jade-decent-lizard-287.mypinata.cloud/ipfs/bafkreiew2gle7fujrfogv3wm47b6rkjahgdkme545jbxdsugr5vj4nviyq,,charlie l,8/19/2025 8:43 PM,
296 - Blue Whale,296,checked,checked,,Blue Whale,Icon_33-Whale.png (https://v5.airtableusercontent.com/v3/u/49/49/1769738400000/f1urRBtiJG8_neUNW-_SVg/ODGbURAh-zPhfxbDaAmfp-LNWF4QqKdBvjyg5ajVrE1NjsJipYuqGHzowUgVFajZUQB_x4Zk8peLWMYaF0dACcfRvqFh1Ssvn4-oUSEp7rYrmH4nZ6i4X7rOzeXuAJDj32hSRsr3APmqsE26_D-4o2_iJf4A0YG-3tbita-Z8es/G66t7UJOJ7I380M7SxTf4q0_vLFJYR_CAL2yE-b6RsA),Thumbnail_34.png (https://v5.airtableusercontent.com/v3/u/49/49/1769738400000/VrTnCaZBtF4vQqCfveNE7A/sPtDgRbjz5kKSRNzuuiTygT9bWsJ-inAuWBDdAphF0QLhz2fn9Nip6yKe6VdQW0vZFAuJPJYhKg620MNCNvyXCHveFXMn_3tub5iIyOmbEpC28tcm-r5nTu26Cly3TsmJZC1oBA0irrxo-kFvFinqJjlaYuXgvGSTjdjMMMHbU4/B1o9QalWneibMB20jpgLKa9qaUnuxIfiRNUwB83jxNQ),checked,Legendary,Fish,,,,,,XXL,,,0,,,,Found in the Dungeon Pond,https://jade-decent-lizard-287.mypinata.cloud/ipfs/bafkreigojs6s4s4hx6fw3qbeoephla4srqgxc3yrdomhb2dmyooxahl3qu,https://jade-decent-lizard-287.mypinata.cloud/ipfs/bafkreibs5lxq5deje5bgfry4dpcamrj3sa25pajltwhbqfsrlufs7je2q4,,charlie l,8/19/2025 8:43 PM,
297 - Mobius Dickens,297,checked,checked,,Mobius Dickens,Icon_34-Moby-Dick.png (https://v5.airtableusercontent.com/v3/u/49/49/1769738400000/vpKYPq-VopyOzjZ5Zc0atQ/v58J6szWKApsePhf8YO4-6is2TlNjqBlTUI8TpCraMKEqFPtSgeRO-YsbwfGYRv4YRtmnji1g4wqXFrVewp49cedxBAHKEcXz8MO8Y8-fgDyVJOxGNwJXlrTe7gh9BKAIDcbUGmgtIQO3DJx77KAeniihl8_RhHO1Bk-w7wNeWU/UTWYM40TqoQ4c14O6c-zXPp4jrSsn35Z6dcSmn9Q7aU),Thumbnail_35.png (https://v5.airtableusercontent.com/v3/u/49/49/1769738400000/SorA1O-RnuUERDnOeOxmBg/iX6aStwGAWKu_8STSZ2FSiVg3KDHAc4fnvSallRSpfkEqhsLTaQdwRFkYA2ISToU3RTNh9pNlq8G06DQl5eksfZlC-ZP9hXPVy9FNS7qq6JlF6YDxKiZwDKdtGwip2gwsyzmk71jY7FdiboCawP1f0n5PiotWUZVRceHVL1qEuE/Kfq-YJwoxfNlQs-lkZSRnWqntz8_q1_1achbpsFHW-8),checked,Relic,Fish,,,,,,XXL,,,0,,,,Found in the Dungeon Pond,https://jade-decent-lizard-287.mypinata.cloud/ipfs/bafkreiaxo2gekahd4xtgx4p54bjxwzcvm2azqdyivhv6k5iebqj2aamqny,https://jade-decent-lizard-287.mypinata.cloud/ipfs/bafkreiavatyz5hyg3wopotagowp2udpsccnsedt2mkvqpanutl676mvvyi,,charlie l,8/19/2025 8:43 PM,
298 - Gigapengu,298,checked,checked,,Gigapengu,Icon_36-Pudgy.png (https://v5.airtableusercontent.com/v3/u/49/49/1769738400000/fUzlC1cONYelsKwCvmmNwA/cl1IsH1Er3BED7v09NNw3v19vz7cCFjYhSvM6IOAjxNvGSrRf03YXIGEkSFGySxMAbDI0oemPnhIELfs1BJ7qZQ_Wn9G2BhXeIEF5utIeYUYAu3wFUqAeFMv_EtHC09CPvISs5uqd7SWisS3iriDPdyqtUAE0TUx0j64ayNC1Jk/KhbFEvk2IHlPN76jHGhSc2FYgisp8ApNJe34_FNp9wg),Thumbnail_36.png (https://v5.airtableusercontent.com/v3/u/49/49/1769738400000/wo1lyQEP2b8GrjvWU26W1g/3IxU9dpnOJB39L917InVCTjI140YOzpSVbkV2BekAhMefrFGhtAKPuRFrB93pR9eEg-JPFN1yM317aZebhQ6KpC7UzRyeWnVYMbXr37VZoVmgAY0OGcRsMvJop8-5ccBFPTBKw09Ha83dhOs4ekgJphyXalLHR05uxROIN9ic00/3fVdpiObo6bgKesDk1YudrDxxRHyGqy9vl4h90O3jAw),,Uncommon,Fish,,,,,,MED,,,0,20257,20271,,Found in the Dungeon Pond,https://jade-decent-lizard-287.mypinata.cloud/ipfs/bafkreihuex7plsma2pjtzjtnuzcsvecp573vg67e6vny7ni3uquss3hpna,https://jade-decent-lizard-287.mypinata.cloud/ipfs/bafkreib4rdwwnosupyfopwbqh24em5jxlcdd7f5y5ilkfwv2bbmqmq2phe,,charlie l,8/19/2025 8:43 PM,
,,,,,,,,,,,,,,,,,,,,,,,,,,,,,
,,,,,,,,,,,,,,,,,,,,,,,,,,,,,
,,,,,,,,,,,,,,,,,,,,,,,,,,,,,
,,,,,,,,,,,,,,,,,,,,,,,,,,,,,
,,,,,,,,,,,,,,,,,,,,,,,,,,,,,
,,,,,,,,,,,,,,,,,,,,,,,,,,,,,
,,,,,,,,,,,,,,,,,,,,,,,,,,,,,
,,,,,,,,,,,,,,,,,,,,,,,,,,,,,
,,,,,,,,,,,,,,,,,,,,,,,,,,,,,
,,,,,,,,,,,,,,,,,,,,,,,,,,,,,
,,,,,,,,,,,,,,,,,,,,,,,,,,,,,
,,,,,,,,,,,,,,,,,,,,,,,,,,,,,
,,,,,,,,,,,,,,,,,,,,,,,,,,,,,
,,,,,,,,,,,,,,,,,,,,,,,,,,,,,
,,,,,,,,,,,,,,,,,,,,,,,,,,,,,
,,,,,,,,,,,,,,,,,,,,,,,,,,,,,
,,,,,,,,,,,,,,,,,,,,,,,,,,,,,
,,,,,,,,,,,,,,,,,,,,,,,,,,,,,
,,,,,,,,,,,,,,,,,,,,,,,,,,,,,
,,,,,,,,,,,,,,,,,,,,,,,,,,,,,
,,,,,,,,,,,,,,,,,,,,,,,,,,,,,
,,,,,,,,,,,,,,,,,,,,,,,,,,,,,
,,,,,,,,,,,,,,,,,,,,,,,,,,,,,
,,,,,,,,,,,,,,,,,,,,,,,,,,,,,
,,,,,,,,,,,,,,,,,,,,,,,,,,,,,
,,,,,,,,,,,,,,,,,,,,,,,,,,,,,
,,,,,,,,,,,,,,,,,,,,,,,,,,,,,
,,,,,,,,,,,,,,,,,,,,,,,,,,,,,
,,,,,,,,,,,,,,,,,,,,,,,,,,,,,
,,,,,,,,,,,,,,,,,,,,,,,,,,,,,
,,,,,,,,,,,,,,,,,,,,,,,,,,,,,
,,,,,,,,,,,,,,,,,,,,,,,,,,,,,
,,,,,,,,,,,,,,,,,,,,,,,,,,,,,
,,,,,,,,,,,,,,,,,,,,,,,,,,,,,
,,,,,,,,,,,,,,,,,,,,,,,,,,,,,
334 - Phingu,334,checked,,,Phingu,Icon_Phin.png (https://v5.airtableusercontent.com/v3/u/49/49/1769738400000/sjtstzGT-lOffQ2fGAz1_A/T0Bjpt4rI8Ia7HhB8F35zhAauOHmiDlNfVtKiWul88gnCJBwwLLNogNqcS8KNg4TEHccmbdpkLHS7SdG4-M4yEeRTLxoma45ZICkImJ_5KfF69aVYgruoXd5A9L0zRsIuIZMZD5VLta0hbqPjw_lqduTXNtihEl-YHaFKYEcwRs/zOTTANA7NTx3olXaH2kdhbEPrRzYCCaeDSzkNl0mFbo),Thumbnail_Phin.png (https://v5.airtableusercontent.com/v3/u/49/49/1769738400000/z1Amq7QhGqDhFxKNhsJXZQ/pFCotvuLaVSg482orp7Qw3vFopk4cptTefwwcpil40zK6bD8k7QeD8iWx8nPJf3pxr_N710KXIl0vquz6AtMNB8bz4q5xq5_5x_-KdCRLWXrUc92rPq66cIxQOWL9TFGBDYZfDFXg92swrFZIRFgpI-FVdXm9Y-zWUS0_iifErs/WCK4KRIdr3KZgTCe5NB2ZAjSc9yBV7VhiXcsulR66fk),,Rare,Fish,,,,,,MED,,,,20304,20318,,Found in the Dungeon Pond,https://jade-decent-lizard-287.mypinata.cloud/ipfs/bafkreid6kqilnrkizoqkivzvykvm2mkk475zpav2q4lxpkxll7sdlp4hfq,https://jade-decent-lizard-287.mypinata.cloud/ipfs/bafkreiaieniyvuq23hxaitkrtl7uz3c26ve64kepys5xmzg7f5nk5f6zji,,Garnish,8/20/2025 11:30 AM,
,,,,,,,,,,,,,,,,,,,,,,,,,,,,,
,,,,,,,,,,,,,,,,,,,,,,,,,,,,,
,,,,,,,,,,,,,,,,,,,,,,,,,,,,,
,,,,,,,,,,,,,,,,,,,,,,,,,,,,,
,,,,,,,,,,,,,,,,,,,,,,,,,,,,,
,,,,,,,,,,,,,,,,,,,,,,,,,,,,,
,,,,,,,,,,,,,,,,,,,,,,,,,,,,,
,,,,,,,,,,,,,,,,,,,,,,,,,,,,,
,,,,,,,,,,,,,,,,,,,,,,,,,,,,,
,,,,,,,,,,,,,,,,,,,,,,,,,,,,,
,,,,,,,,,,,,,,,,,,,,,,,,,,,,,
,,,,,,,,,,,,,,,,,,,,,,,,,,,,,
,,,,,,,,,,,,,,,,,,,,,,,,,,,,,
,,,,,,,,,,,,,,,,,,,,,,,,,,,,,
,,,,,,,,,,,,,,,,,,,,,,,,,,,,,
,,,,,,,,,,,,,,,,,,,,,,,,,,,,,
,,,,,,,,,,,,,,,,,,,,,,,,,,,,,
,,,,,,,,,,,,,,,,,,,,,,,,,,,,,
,,,,,,,,,,,,,,,,,,,,,,,,,,,,,
,,,,,,,,,,,,,,,,,,,,,,,,,,,,,
,,,,,,,,,,,,,,,,,,,,,,,,,,,,,
,,,,,,,,,,,,,,,,,,,,,,,,,,,,,
,,,,,,,,,,,,,,,,,,,,,,,,,,,,,
,,,,,,,,,,,,,,,,,,,,,,,,,,,,,
,,,,,,,,,,,,,,,,,,,,,,,,,,,,,
,,,,,,,,,,,,,,,,,,,,,,,,,,,,,
,,,,,,,,,,,,,,,,,,,,,,,,,,,,,
,,,,,,,,,,,,,,,,,,,,,,,,,,,,,
,,,,,,,,,,,,,,,,,,,,,,,,,,,,,
,,,,,,,,,,,,,,,,,,,,,,,,,,,,,
,,,,,,,,,,,,,,,,,,,,,,,,,,,,,
,,,,,,,,,,,,,,,,,,,,,,,,,,,,,
,,,,,,,,,,,,,,,,,,,,,,,,,,,,,
,,,,,,,,,,,,,,,,,,,,,,,,,,,,,
,,,,,,,,,,,,,,,,,,,,,,,,,,,,,
,,,,,,,,,,,,,,,,,,,,,,,,,,,,,
,,,,,,,,,,,,,,,,,,,,,,,,,,,,,
,,,,,,,,,,,,,,,,,,,,,,,,,,,,,
,,,,,,,,,,,,,,,,,,,,,,,,,,,,,
,,,,,,,,,,,,,,,,,,,,,,,,,,,,,
,,,,,,,,,,,,,,,,,,,,,,,,,,,,,
,,,,,,,,,,,,,,,,,,,,,,,,,,,,,
,,,,,,,,,,,,,,,,,,,,,,,,,,,,,
,,,,,,,,,,,,,,,,,,,,,,,,,,,,,
,,,,,,,,,,,,,,,,,,,,,,,,,,,,,
,,,,,,,,,,,,,,,,,,,,,,,,,,,,,
,,,,,,,,,,,,,,,,,,,,,,,,,,,,,
,,,,,,,,,,,,,,,,,,,,,,,,,,,,,
,,,,,,,,,,,,,,,,,,,,,,,,,,,,,
,,,,,,,,,,,,,,,,,,,,,,,,,,,,,
,,,,,,,,,,,,,,,,,,,,,,,,,,,,,
,,,,,,,,,,,,,,,,,,,,,,,,,,,,,
,,,,,,,,,,,,,,,,,,,,,,,,,,,,,
,,,,,,,,,,,,,,,,,,,,,,,,,,,,,
,,,,,,,,,,,,,,,,,,,,,,,,,,,,,
,,,,,,,,,,,,,,,,,,,,,,,,,,,,,
,,,,,,,,,,,,,,,,,,,,,,,,,,,,,
,,,,,,,,,,,,,,,,,,,,,,,,,,,,,
,,,,,,,,,,,,,,,,,,,,,,,,,,,,,
,,,,,,,,,,,,,,,,,,,,,,,,,,,,,
,,,,,,,,,,,,,,,,,,,,,,,,,,,,,
,,,,,,,,,,,,,,,,,,,,,,,,,,,,,
,,,,,,,,,,,,,,,,,,,,,,,,,,,,,
,,,,,,,,,,,,,,,,,,,,,,,,,,,,,
,,,,,,,,,,,,,,,,,,,,,,,,,,,,,
,,,,,,,,,,,,,,,,,,,,,,,,,,,,,
,,,,,,,,,,,,,,,,,,,,,,,,,,,,,
,,,,,,,,,,,,,,,,,,,,,,,,,,,,,
,,,,,,,,,,,,,,,,,,,,,,,,,,,,,
,,,,,,,,,,,,,,,,,,,,,,,,,,,,,
,,,,,,,,,,,,,,,,,,,,,,,,,,,,,
,,,,,,,,,,,,,,,,,,,,,,,,,,,,,
,,,,,,,,,,,,,,,,,,,,,,,,,,,,,
,,,,,,,,,,,,,,,,,,,,,,,,,,,,,
,,,,,,,,,,,,,,,,,,,,,,,,,,,,,
,,,,,,,,,,,,,,,,,,,,,,,,,,,,,
,,,,,,,,,,,,,,,,,,,,,,,,,,,,,
,,,,,,,,,,,,,,,,,,,,,,,,,,,,,
,,,,,,,,,,,,,,,,,,,,,,,,,,,,,
,,,,,,,,,,,,,,,,,,,,,,,,,,,,,
,,,,,,,,,,,,,,,,,,,,,,,,,,,,,
,,,,,,,,,,,,,,,,,,,,,,,,,,,,,
,,,,,,,,,,,,,,,,,,,,,,,,,,,,,
,,,,,,,,,,,,,,,,,,,,,,,,,,,,,
,,,,,,,,,,,,,,,,,,,,,,,,,,,,,
,,,,,,,,,,,,,,,,,,,,,,,,,,,,,
,,,,,,,,,,,,,,,,,,,,,,,,,,,,,
,,,,,,,,,,,,,,,,,,,,,,,,,,,,,
,,,,,,,,,,,,,,,,,,,,,,,,,,,,,
,,,,,,,,,,,,,,,,,,,,,,,,,,,,,
,,,,,,,,,,,,,,,,,,,,,,,,,,,,,
,,,,,,,,,,,,,,,,,,,,,,,,,,,,,
,,,,,,,,,,,,,,,,,,,,,,,,,,,,,
,,,,,,,,,,,,,,,,,,,,,,,,,,,,,
,,,,,,,,,,,,,,,,,,,,,,,,,,,,,
,,,,,,,,,,,,,,,,,,,,,,,,,,,,,
,,,,,,,,,,,,,,,,,,,,,,,,,,,,,
,,,,,,,,,,,,,,,,,,,,,,,,,,,,,
,,,,,,,,,,,,,,,,,,,,,,,,,,,,,
,,,,,,,,,,,,,,,,,,,,,,,,,,,,,
,,,,,,,,,,,,,,,,,,,,,,,,,,,,,
,,,,,,,,,,,,,,,,,,,,,,,,,,,,,
,,,,,,,,,,,,,,,,,,,,,,,,,,,,,
,,,,,,,,,,,,,,,,,,,,,,,,,,,,,
,,,,,,,,,,,,,,,,,,,,,,,,,,,,,
,,,,,,,,,,,,,,,,,,,,,,,,,,,,,
,,,,,,,,,,,,,,,,,,,,,,,,,,,,,
,,,,,,,,,,,,,,,,,,,,,,,,,,,,,
,,,,,,,,,,,,,,,,,,,,,,,,,,,,,
,,,,,,,,,,,,,,,,,,,,,,,,,,,,,
,,,,,,,,,,,,,,,,,,,,,,,,,,,,,
,,,,,,,,,,,,,,,,,,,,,,,,,,,,,
,,,,,,,,,,,,,,,,,,,,,,,,,,,,,
,,,,,,,,,,,,,,,,,,,,,,,,,,,,,
,,,,,,,,,,,,,,,,,,,,,,,,,,,,,
,,,,,,,,,,,,,,,,,,,,,,,,,,,,,
,,,,,,,,,,,,,,,,,,,,,,,,,,,,,
,,,,,,,,,,,,,,,,,,,,,,,,,,,,,
,,,,,,,,,,,,,,,,,,,,,,,,,,,,,
,,,,,,,,,,,,,,,,,,,,,,,,,,,,,
,,,,,,,,,,,,,,,,,,,,,,,,,,,,,
,,,,,,,,,,,,,,,,,,,,,,,,,,,,,
,,,,,,,,,,,,,,,,,,,,,,,,,,,,,
,,,,,,,,,,,,,,,,,,,,,,,,,,,,,
,,,,,,,,,,,,,,,,,,,,,,,,,,,,,
,,,,,,,,,,,,,,,,,,,,,,,,,,,,,
,,,,,,,,,,,,,,,,,,,,,,,,,,,,,
,,,,,,,,,,,,,,,,,,,,,,,,,,,,,
,,,,,,,,,,,,,,,,,,,,,,,,,,,,,
,,,,,,,,,,,,,,,,,,,,,,,,,,,,,
,,,,,,,,,,,,,,,,,,,,,,,,,,,,,
,,,,,,,,,,,,,,,,,,,,,,,,,,,,,
,,,,,,,,,,,,,,,,,,,,,,,,,,,,,
,,,,,,,,,,,,,,,,,,,,,,,,,,,,,
,,,,,,,,,,,,,,,,,,,,,,,,,,,,,
,,,,,,,,,,,,,,,,,,,,,,,,,,,,,
,,,,,,,,,,,,,,,,,,,,,,,,,,,,,
,,,,,,,,,,,,,,,,,,,,,,,,,,,,,
,,,,,,,,,,,,,,,,,,,,,,,,,,,,,
,,,,,,,,,,,,,,,,,,,,,,,,,,,,,
,,,,,,,,,,,,,,,,,,,,,,,,,,,,,
,,,,,,,,,,,,,,,,,,,,,,,,,,,,,
,,,,,,,,,,,,,,,,,,,,,,,,,,,,,
,,,,,,,,,,,,,,,,,,,,,,,,,,,,,
,,,,,,,,,,,,,,,,,,,,,,,,,,,,,
,,,,,,,,,,,,,,,,,,,,,,,,,,,,,
,,,,,,,,,,,,,,,,,,,,,,,,,,,,,
,,,,,,,,,,,,,,,,,,,,,,,,,,,,,
,,,,,,,,,,,,,,,,,,,,,,,,,,,,,
,,,,,,,,,,,,,,,,,,,,,,,,,,,,,
,,,,,,,,,,,,,,,,,,,,,,,,,,,,,
,,,,,,,,,,,,,,,,,,,,,,,,,,,,,
,,,,,,,,,,,,,,,,,,,,,,,,,,,,,
,,,,,,,,,,,,,,,,,,,,,,,,,,,,,
,,,,,,,,,,,,,,,,,,,,,,,,,,,,,
,,,,,,,,,,,,,,,,,,,,,,,,,,,,,
,,,,,,,,,,,,,,,,,,,,,,,,,,,,,
,,,,,,,,,,,,,,,,,,,,,,,,,,,,,
,,,,,,,,,,,,,,,,,,,,,,,,,,,,,
,,,,,,,,,,,,,,,,,,,,,,,,,,,,,
,,,,,,,,,,,,,,,,,,,,,,,,,,,,,
,,,,,,,,,,,,,,,,,,,,,,,,,,,,,
,,,,,,,,,,,,,,,,,,,,,,,,,,,,,
,,,,,,,,,,,,,,,,,,,,,,,,,,,,,
,,,,,,,,,,,,,,,,,,,,,,,,,,,,,
,,,,,,,,,,,,,,,,,,,,,,,,,,,,,
,,,,,,,,,,,,,,,,,,,,,,,,,,,,,
,,,,,,,,,,,,,,,,,,,,,,,,,,,,,
,,,,,,,,,,,,,,,,,,,,,,,,,,,,,
,,,,,,,,,,,,,,,,,,,,,,,,,,,,,
,,,,,,,,,,,,,,,,,,,,,,,,,,,,,
,,,,,,,,,,,,,,,,,,,,,,,,,,,,,
,,,,,,,,,,,,,,,,,,,,,,,,,,,,,
,,,,,,,,,,,,,,,,,,,,,,,,,,,,,
,,,,,,,,,,,,,,,,,,,,,,,,,,,,,
,,,,,,,,,,,,,,,,,,,,,,,,,,,,,
,,,,,,,,,,,,,,,,,,,,,,,,,,,,,
,,,,,,,,,,,,,,,,,,,,,,,,,,,,,
,,,,,,,,,,,,,,,,,,,,,,,,,,,,,
,,,,,,,,,,,,,,,,,,,,,,,,,,,,,
,,,,,,,,,,,,,,,,,,,,,,,,,,,,,
,,,,,,,,,,,,,,,,,,,,,,,,,,,,,
,,,,,,,,,,,,,,,,,,,,,,,,,,,,,
,,,,,,,,,,,,,,,,,,,,,,,,,,,,,
,,,,,,,,,,,,,,,,,,,,,,,,,,,,,
,,,,,,,,,,,,,,,,,,,,,,,,,,,,,
,,,,,,,,,,,,,,,,,,,,,,,,,,,,,
,,,,,,,,,,,,,,,,,,,,,,,,,,,,,
,,,,,,,,,,,,,,,,,,,,,,,,,,,,,
,,,,,,,,,,,,,,,,,,,,,,,,,,,,,
,,,,,,,,,,,,,,,,,,,,,,,,,,,,,
,,,,,,,,,,,,,,,,,,,,,,,,,,,,,
,,,,,,,,,,,,,,,,,,,,,,,,,,,,,
,,,,,,,,,,,,,,,,,,,,,,,,,,,,,
,,,,,,,,,,,,,,,,,,,,,,,,,,,,,
,,,,,,,,,,,,,,,,,,,,,,,,,,,,,
,,,,,,,,,,,,,,,,,,,,,,,,,,,,,
,,,,,,,,,,,,,,,,,,,,,,,,,,,,,
,,,,,,,,,,,,,,,,,,,,,,,,,,,,,
,,,,,,,,,,,,,,,,,,,,,,,,,,,,,
,,,,,,,,,,,,,,,,,,,,,,,,,,,,,
,,,,,,,,,,,,,,,,,,,,,,,,,,,,,
,,,,,,,,,,,,,,,,,,,,,,,,,,,,,
,,,,,,,,,,,,,,,,,,,,,,,,,,,,,
,,,,,,,,,,,,,,,,,,,,,,,,,,,,,
,,,,,,,,,,,,,,,,,,,,,,,,,,,,,
,,,,,,,,,,,,,,,,,,,,,,,,,,,,,
,,,,,,,,,,,,,,,,,,,,,,,,,,,,,
,,,,,,,,,,,,,,,,,,,,,,,,,,,,,
,,,,,,,,,,,,,,,,,,,,,,,,,,,,,
,,,,,,,,,,,,,,,,,,,,,,,,,,,,,
,,,,,,,,,,,,,,,,,,,,,,,,,,,,,
,,,,,,,,,,,,,,,,,,,,,,,,,,,,,
,,,,,,,,,,,,,,,,,,,,,,,,,,,,,
,,,,,,,,,,,,,,,,,,,,,,,,,,,,,
,,,,,,,,,,,,,,,,,,,,,,,,,,,,,
,,,,,,,,,,,,,,,,,,,,,,,,,,,,,
,,,,,,,,,,,,,,,,,,,,,,,,,,,,,
,,,,,,,,,,,,,,,,,,,,,,,,,,,,,
,,,,,,,,,,,,,,,,,,,,,,,,,,,,,
,,,,,,,,,,,,,,,,,,,,,,,,,,,,,
,,,,,,,,,,,,,,,,,,,,,,,,,,,,,
,,,,,,,,,,,,,,,,,,,,,,,,,,,,,
,,,,,,,,,,,,,,,,,,,,,,,,,,,,,
,,,,,,,,,,,,,,,,,,,,,,,,,,,,,
,,,,,,,,,,,,,,,,,,,,,,,,,,,,,
,,,,,,,,,,,,,,,,,,,,,,,,,,,,,
,,,,,,,,,,,,,,,,,,,,,,,,,,,,,
,,,,,,,,,,,,,,,,,,,,,,,,,,,,,
,,,,,,,,,,,,,,,,,,,,,,,,,,,,,
,,,,,,,,,,,,,,,,,,,,,,,,,,,,,
,,,,,,,,,,,,,,,,,,,,,,,,,,,,,
,,,,,,,,,,,,,,,,,,,,,,,,,,,,,
,,,,,,,,,,,,,,,,,,,,,,,,,,,,,
573 - Chimpu,573,checked,checked,,Chimpu,Icon_prototype_Chimpi.png (https://v5.airtableusercontent.com/v3/u/49/49/1769738400000/Vbyzm0smlWNUIuI4Kn_UYw/jF-pU_C2gc1luewVJvJl-v4FAAtdcOMGA_bS7J3Psg_HKuFFEK1Ru2aQdwb-_OpKzEU4ciLNCHIX6wpPV71sK4WvWkNMoaAm35AR8reaW8yGle2Ut9ZLF4zol_LgTAppZbkeUM8w2_PLoln_R_2NilhV7Y3sJdiC2NJQxbzDPyo/4aGPlfzCozXXpy-2aHleOtJypud6KO4FG6jERl9i_XA),Thumbnail_prototype_Chimpi.png (https://v5.airtableusercontent.com/v3/u/49/49/1769738400000/5K8AAFPRc3fwwrYmaqVpog/X1ZYVT5pnN1nfYtLrzrMxdrAxNlvfsB7BZYg76NvTCm6PMWPkUf8McQZl5KWseeHbX7yWzJffwaLS37vx6b-imT3Y5qBCzbCO279yvP8jHIBeMLhfXpp2vENQH20Cte02FWJBguwIQnqczaODn6oPZxopy1ZPuqniKfAc6Xs-fgU3mPMgWWX6DpfChLWLDkr/3O9aWW6vUaq54CvEJ7jBRUekbfHo90zahHNrtaEBW0I),,Rare,Fish,,,,,,MED,,,,20371,20385,Definitely a fish.,,https://jade-decent-lizard-287.mypinata.cloud/ipfs/bafkreifaktoaatdqqxlp2x2jjvj7gnghqcigckdz6iy6aulnel2r6iyhve,https://jade-decent-lizard-287.mypinata.cloud/ipfs/bafkreiehxa3ietlfwsla66wriev2ud4ye6bxstpinoatpta7ooo2slrena,,Garnish,10/24/2025 4:12 PM,